City_ID,City,Country,Date,Lat,Lng,Max Temp,Humidity,Cloudiness,Wind Speed
0,Nara,JP,2021-09-02 01:08:25,34.6851,135.8049,78.08,97,100,5.7
1,Ushuaia,AR,2021-09-02 01:08:25,-54.8,-68.3,38.86,70,0,10.36
2,Arenapolis,BR,2021-09-02 01:08:26,-14.4503,-56.8461,83.37,35,78,4.54
3,Cassilandia,BR,2021-09-02 01:08:26,-19.1133,-51.7342,72.14,38,0,5.82
4,Narsaq,GL,2021-09-02 01:08:26,60.9167,-46.05,48.42,86,100,3.87
5,Victor Harbor,AU,2021-09-02 01:08:26,-35.5667,138.6167,83.46,31,32,24.94
6,Puerto Ayora,EC,2021-09-02 01:08:27,-0.7393,-90.3518,68.56,90,49,5.01
7,Bengkulu,ID,2021-09-02 01:08:27,-3.8004,102.2655,72.81,91,100,2.28
8,Nanortalik,GL,2021-09-02 01:08:27,60.1432,-45.2371,47.05,98,100,0.98
9,Klaksvik,FO,2021-09-02 01:08:28,62.2266,-6.589,56.32,85,87,9.4
10,Kavieng,PG,2021-09-02 01:08:28,-2.5744,150.7967,84.97,66,100,8.23
11,Viedma,AR,2021-09-02 01:08:28,-40.8135,-62.9967,50.29,78,100,11.86
12,Busselton,AU,2021-09-02 01:08:28,-33.65,115.3333,47.05,67,98,20.8
13,Tuktoyaktuk,CA,2021-09-02 01:08:29,69.4541,-133.0374,47.46,80,100,10.13
14,Hualmay,PE,2021-09-02 01:08:29,-11.0964,-77.6139,62.01,84,94,9.04
15,Vanavara,RU,2021-09-02 01:08:29,60.34,102.2797,49.46,79,77,7.14
16,Punta Arenas,CL,2021-09-02 01:04:53,-53.15,-70.9167,37.51,75,0,12.66
17,Longyearbyen,SJ,2021-09-02 01:08:30,78.2186,15.6401,38.7,84,79,4.23
18,Fortuna,US,2021-09-02 01:08:30,40.5982,-124.1573,62.85,69,1,3.0
19,Bluff,NZ,2021-09-02 01:08:30,-46.6,168.3333,57.79,68,3,7.31
20,Arraial Do Cabo,BR,2021-09-02 01:08:31,-22.9661,-42.0278,69.17,87,10,13.58
21,Muros,ES,2021-09-02 01:08:31,42.7762,-9.0603,66.99,94,89,2.82
22,Haines Junction,CA,2021-09-02 01:08:31,60.7522,-137.5108,63.77,48,50,8.93
23,Castro,BR,2021-09-02 01:08:31,-24.7911,-50.0119,54.75,86,7,4.99
24,Bredasdorp,ZA,2021-09-02 01:08:32,-34.5322,20.0403,46.02,91,93,5.75
25,Jamestown,US,2021-09-02 01:05:48,42.097,-79.2353,60.85,72,1,6.91
26,Husavik,IS,2021-09-02 01:08:32,66.0449,-17.3389,54.01,76,3,2.68
27,Bathurst,AU,2021-09-02 01:07:26,-33.4166,149.5806,69.71,56,0,5.01
28,Coquimbo,CL,2021-09-02 01:08:32,-29.9533,-71.3436,55.13,87,90,3.44
29,Avarua,CK,2021-09-02 01:08:33,-21.2078,-159.775,73.45,94,90,1.14
30,Mataura,NZ,2021-09-02 01:08:33,-46.1927,168.8643,57.47,57,3,2.71
31,Kapaa,US,2021-09-02 01:08:33,22.0752,-159.319,84.52,66,40,3.0
32,Srednekolymsk,RU,2021-09-02 01:08:33,67.45,153.6833,47.98,53,100,5.64
33,Chokurdakh,RU,2021-09-02 01:08:34,70.6333,147.9167,45.39,52,100,14.63
34,Kargasok,RU,2021-09-02 01:08:34,59.0556,80.8572,43.77,91,54,3.65
35,Bandarbeyla,SO,2021-09-02 01:08:34,9.4942,50.8122,77.18,80,11,20.98
36,Sitka,US,2021-09-02 01:08:35,57.0531,-135.33,60.69,72,75,10.36
37,Ouadda,CF,2021-09-02 01:08:35,8.0777,22.4007,66.63,98,100,3.94
38,Dikson,RU,2021-09-02 01:08:35,73.5069,80.5464,38.57,77,100,6.15
39,Atuona,PF,2021-09-02 01:08:36,-9.8,-139.0333,78.15,76,30,18.21
40,Ilulissat,GL,2021-09-02 01:08:36,69.2167,-51.1,39.22,56,0,6.91
41,Nome,US,2021-09-02 01:08:36,64.5011,-165.4064,61.16,72,90,6.91
42,Hithadhoo,MV,2021-09-02 01:08:36,-0.6,73.0833,81.84,73,41,6.53
43,Derzhavinsk,KZ,2021-09-02 01:08:37,51.1,66.3167,51.46,61,1,9.98
44,Aklavik,CA,2021-09-02 01:08:37,68.2191,-135.0107,53.42,78,100,6.42
45,Rikitea,PF,2021-09-02 01:08:37,-23.1203,-134.9692,74.12,73,0,13.96
46,Yellowknife,CA,2021-09-02 01:08:37,62.456,-114.3525,62.49,57,100,12.73
47,Ust-Omchug,RU,2021-09-02 01:08:38,61.15,149.6333,48.54,77,100,3.13
48,Xiaoshi,CN,2021-09-02 01:08:38,41.2971,124.1209,71.62,54,0,0.83
49,Albany,US,2021-09-02 01:08:38,42.6001,-73.9662,61.81,94,100,10.02
50,Cidreira,BR,2021-09-02 01:08:39,-30.1811,-50.2056,62.04,89,100,11.14
51,Mar Del Plata,AR,2021-09-02 01:08:39,-38.0023,-57.5575,50.2,92,100,9.62
52,Vangaindrano,MG,2021-09-02 01:08:39,-23.35,47.6,66.22,96,36,4.41
53,Nioro,GM,2021-09-02 01:08:40,13.35,-15.75,72.48,97,98,5.97
54,Uruzgan,AF,2021-09-02 01:08:40,32.8333,66.0,66.67,21,0,4.23
55,Vaini,TO,2021-09-02 01:08:40,-21.2,-175.2,77.16,78,75,9.22
56,Gushikawa,JP,2021-09-02 01:08:40,26.3544,127.8686,87.39,70,40,5.75
57,Sirajganj,BD,2021-09-02 01:08:41,24.45,89.7167,82.67,79,100,3.13
58,San Borja,BO,2021-09-02 01:08:41,-14.8167,-66.85,81.64,45,100,2.8
59,Saint-Joseph,RE,2021-09-02 01:08:41,-21.3667,55.6167,68.36,77,23,10.42
60,San Miguelito,PA,2021-09-02 01:08:41,9.0333,-79.5,80.67,85,20,2.3
61,Singkang,MY,2021-09-02 01:08:42,2.1006,102.7994,75.02,93,100,3.65
62,Kununurra,AU,2021-09-02 01:08:42,-15.7667,128.7333,82.38,51,8,3.44
63,Quang Ngai,VN,2021-09-02 01:08:42,15.1167,108.8,81.7,79,86,1.48
64,Ahuimanu,US,2021-09-02 01:08:43,21.4447,-157.8378,87.51,60,75,9.22
65,East London,ZA,2021-09-02 01:08:43,-33.0153,27.9116,59.79,84,100,9.33
66,Lata,PT,2021-09-02 01:08:43,40.1629,-8.3327,64.81,96,90,1.7
67,Khandagayty,RU,2021-09-02 01:08:43,50.7333,92.05,52.9,80,100,5.99
68,Ruteng,ID,2021-09-02 01:08:44,-8.6136,120.4721,73.49,61,43,1.95
69,Iskateley,RU,2021-09-02 01:08:44,67.6803,53.1512,43.07,82,100,8.84
70,Esperance,AU,2021-09-02 01:08:44,-33.8667,121.9,50.07,69,70,26.93
71,Ignatovka,RU,2021-09-02 01:08:45,53.9479,47.6536,58.69,74,100,8.12
72,Houma,US,2021-09-02 01:08:45,29.5958,-90.7195,80.6,91,93,8.41
73,Saskylakh,RU,2021-09-02 01:08:45,71.9167,114.0833,37.31,95,100,13.47
74,Anadyr,RU,2021-09-02 01:08:45,64.75,177.4833,52.3,76,0,11.18
75,Curillo,CO,2021-09-02 01:08:46,1.0333,-75.9191,71.67,98,98,2.13
76,Bouafle,CI,2021-09-02 01:08:46,6.9904,-5.7442,70.61,99,60,1.34
77,Deputatskiy,RU,2021-09-02 01:08:46,69.3,139.9,43.18,67,100,5.93
78,Bathsheba,BB,2021-09-02 01:08:46,13.2167,-59.5167,81.21,74,20,9.22
79,Naze,JP,2021-09-02 01:08:47,28.3667,129.4833,80.71,76,52,1.86
80,Shimoda,JP,2021-09-02 01:08:47,34.6667,138.95,76.57,92,100,3.58
81,Hilo,US,2021-09-02 01:05:20,19.7297,-155.09,86.29,80,90,8.05
82,Cabo San Lucas,MX,2021-09-02 01:04:10,22.8909,-109.9124,91.62,68,1,10.0
83,Saint-Philippe,RE,2021-09-02 01:08:48,-21.3585,55.7679,69.35,80,53,9.33
84,Pevek,RU,2021-09-02 01:08:48,69.7008,170.3133,35.98,87,100,4.43
85,Acapulco,MX,2021-09-02 01:08:48,16.8634,-99.8901,82.22,83,75,4.61
86,Cape Town,ZA,2021-09-02 01:08:21,-33.9258,18.4232,50.88,78,100,1.99
87,Talaya,RU,2021-09-02 01:08:48,61.3833,152.75,50.25,62,72,3.62
88,Burgeo,CA,2021-09-02 01:08:49,47.6167,-57.6152,61.59,96,100,1.79
89,Olafsvik,IS,2021-09-02 01:08:49,64.8945,-23.7142,53.67,88,86,14.2
90,Wawa,NG,2021-09-02 01:08:49,9.9022,4.4192,69.6,94,100,5.5
91,Kodiak,US,2021-09-02 01:08:50,57.79,-152.4072,54.91,94,90,11.5
92,Severo-Kurilsk,RU,2021-09-02 01:08:50,50.6789,156.125,56.41,91,100,5.41
93,Norman Wells,CA,2021-09-02 01:08:50,65.282,-126.8329,69.22,46,34,8.79
94,Terra Nova,BR,2021-09-02 01:08:50,-12.3667,-40.6667,67.77,73,100,7.78
95,Christchurch,NZ,2021-09-02 01:04:52,-43.5333,172.6333,55.9,70,90,3.0
96,Coihaique,CL,2021-09-02 01:08:51,-45.5752,-72.0662,42.75,70,0,3.44
97,Lebu,CL,2021-09-02 01:08:51,-37.6167,-73.65,50.13,91,2,6.93
98,Kalemie,CD,2021-09-02 01:08:51,-5.9475,29.1947,73.04,49,100,3.06
99,Zhigansk,RU,2021-09-02 01:08:52,66.7697,123.3711,54.01,54,97,10.76
100,Talnakh,RU,2021-09-02 01:08:52,69.4865,88.3972,37.62,89,99,7.61
101,Banfora,BF,2021-09-02 01:08:52,10.6333,-4.7667,74.34,90,100,5.12
102,Cayenne,GF,2021-09-02 01:05:56,4.9333,-52.3333,79.09,88,75,0.0
103,Palauig,PH,2021-09-02 01:08:52,15.435,119.9045,83.03,73,61,2.42
104,Port Alfred,ZA,2021-09-02 01:08:53,-33.5906,26.891,59.77,88,100,13.02
105,Geraldton,AU,2021-09-02 01:08:53,-28.7667,114.6,61.12,77,90,11.5
106,Frankenburg,AT,2021-09-02 01:08:53,48.0684,13.4907,50.92,89,5,2.33
107,Leningradskiy,RU,2021-09-02 01:08:54,69.3833,178.4167,32.2,100,100,7.49
108,Weiser,US,2021-09-02 01:08:54,44.251,-116.9693,84.31,11,0,8.81
109,Amurzet,RU,2021-09-02 01:08:54,47.6967,131.0981,73.47,59,97,3.18
110,Les Cayes,HT,2021-09-02 01:08:54,18.2,-73.75,77.32,84,14,1.77
111,Poum,NC,2021-09-02 01:08:55,-20.2333,164.0167,70.86,61,100,8.52
112,Pelham,US,2021-09-02 01:04:19,33.2857,-86.81,74.8,97,90,3.0
113,Waipawa,NZ,2021-09-02 01:08:55,-41.4122,175.5153,53.02,60,99,4.52
114,Kryvyy Rih,UA,2021-09-02 01:08:55,47.9167,33.35,61.68,77,0,8.95
115,Chuy,UY,2021-09-02 01:08:55,-33.6971,-53.4616,58.12,90,100,12.01
116,Egvekinot,RU,2021-09-02 01:08:56,66.3167,-179.1667,46.22,66,34,6.06
117,Paamiut,GL,2021-09-02 01:08:56,61.994,-49.6678,47.5,96,100,3.91
118,Lorengau,PG,2021-09-02 01:08:56,-2.0226,147.2712,85.95,68,91,11.72
119,Hobart,AU,2021-09-02 01:08:57,-42.8794,147.3294,76.05,42,0,5.01
120,Edd,ER,2021-09-02 01:08:57,13.9297,41.6925,91.31,60,84,4.18
121,Clyde River,CA,2021-09-02 01:08:57,70.4692,-68.5914,40.77,78,25,4.56
122,Quiindy,PY,2021-09-02 01:08:57,-25.9667,-57.2667,76.73,35,59,9.53
123,Saldanha,ZA,2021-09-02 01:08:58,-33.0117,17.9442,50.49,73,100,7.47
124,Hermanus,ZA,2021-09-02 01:08:58,-34.4187,19.2345,48.9,86,27,12.73
125,Pierre,US,2021-09-02 01:08:58,44.3683,-100.351,74.32,68,90,10.36
126,Riyadh,SA,2021-09-02 01:06:13,24.6877,46.7219,86.14,13,2,2.1
127,Tonantins,BR,2021-09-02 01:08:59,-2.8731,-67.8022,71.76,99,96,1.63
128,Kichmengskiy Gorodok,RU,2021-09-02 01:08:59,59.9816,45.7854,47.28,97,100,9.78
129,Merauke,ID,2021-09-02 01:08:59,-8.4667,140.3333,83.98,71,86,10.56
130,Kamenka,RU,2021-09-02 01:08:59,51.3223,42.7678,58.37,59,79,6.11
131,Sabang,ID,2021-09-02 01:09:00,5.8933,95.3214,80.94,79,100,20.6
132,Mahebourg,MU,2021-09-02 01:09:00,-20.4081,57.7,69.26,77,6,13.62
133,Aykhal,RU,2021-09-02 01:09:00,66.0,111.5,46.78,73,100,17.27
134,Airai,TL,2021-09-02 01:09:00,-8.9266,125.4092,73.29,45,4,4.47
135,Ponta Do Sol,PT,2021-09-02 01:09:01,32.6667,-17.1,74.71,80,10,0.49
136,Wellsford,NZ,2021-09-02 01:09:01,-36.2833,174.5167,61.12,63,24,9.46
137,Kuito,AO,2021-09-02 01:09:01,-12.3833,16.9333,59.47,30,3,3.69
138,Aksu,CN,2021-09-02 01:09:02,41.1231,80.2644,62.67,71,0,4.72
139,Jaque,PA,2021-09-02 01:09:02,7.5175,-78.1703,78.94,81,100,2.21
140,Iqaluit,CA,2021-09-02 01:09:02,63.7506,-68.5145,44.6,53,9,11.48
141,Chimore,BO,2021-09-02 01:09:02,-16.9833,-65.1333,83.34,47,100,2.28
142,Praia Da Vitoria,PT,2021-09-02 01:09:03,38.7333,-27.0667,67.75,95,68,14.29
143,Zhovtneve,UA,2021-09-02 01:09:03,50.6637,24.2492,49.87,92,41,14.0
144,Isangel,VU,2021-09-02 01:09:03,-19.55,169.2667,74.3,56,100,15.37
145,Camacha,PT,2021-09-02 01:09:03,33.0833,-16.3333,71.02,78,20,5.75
146,Nelson Bay,AU,2021-09-02 01:09:04,-32.7167,152.15,75.29,67,0,3.0
147,Yatou,CN,2021-09-02 01:05:11,37.15,122.3833,74.32,73,21,4.79
148,Tasiilaq,GL,2021-09-02 01:09:04,65.6145,-37.6368,46.56,98,100,13.24
149,Sai Buri,TH,2021-09-02 01:09:04,6.7013,101.6168,79.09,80,100,5.46
150,Upernavik,GL,2021-09-02 01:09:05,72.7868,-56.1549,34.05,66,6,12.33
151,Ulan-Ude,RU,2021-09-02 01:09:05,51.8261,107.6098,60.69,82,40,4.47
152,Sao Miguel Do Araguaia,BR,2021-09-02 01:09:05,-13.275,-50.1628,84.61,29,98,1.81
153,Butaritari,KI,2021-09-02 01:09:06,3.0707,172.7902,83.5,69,12,10.27
154,Kahului,US,2021-09-02 01:09:06,20.8947,-156.47,89.62,55,20,19.57
155,Jacareacanga,BR,2021-09-02 01:09:06,-6.2222,-57.7528,70.81,97,40,1.57
156,Hainburg,DE,2021-09-02 01:09:06,50.0716,8.9524,56.32,86,0,2.91
157,Lipin Bor,RU,2021-09-02 01:09:07,60.2622,37.9763,43.09,92,21,7.78
158,Assiniboia,CA,2021-09-02 01:09:07,49.6334,-105.9845,68.94,26,0,10.56
159,Tchollire,CM,2021-09-02 01:09:07,8.4022,14.1698,71.38,97,100,1.72
160,Lagos,NG,2021-09-02 01:07:36,6.5833,3.75,76.95,92,100,5.7
161,Ancud,CL,2021-09-02 01:09:08,-41.8697,-73.8203,50.43,93,95,3.36
162,Axim,GH,2021-09-02 01:09:08,4.8699,-2.2405,76.26,90,91,9.8
163,Pisco,PE,2021-09-02 01:09:08,-13.7,-76.2167,62.65,77,90,13.8
164,Stornoway,GB,2021-09-02 01:09:09,58.2093,-6.3865,55.92,94,90,12.66
165,Ammon,US,2021-09-02 01:09:09,43.4696,-111.9666,75.25,25,1,8.05
166,Yarada,IN,2021-09-02 01:09:09,17.65,83.2667,79.12,100,40,2.3
167,Sinazongwe,ZM,2021-09-02 01:09:10,-17.2614,27.4618,70.65,47,0,1.66
168,Xiangfan,CN,2021-09-02 01:09:10,32.0422,112.1448,70.83,87,100,2.64
169,Beringovskiy,RU,2021-09-02 01:09:10,63.05,179.3167,48.67,79,98,5.61
170,Qaanaaq,GL,2021-09-02 01:09:10,77.484,-69.3632,30.67,73,100,8.52
171,Matamoros,MX,2021-09-02 01:09:11,25.5333,-103.25,95.11,37,75,0.0
172,Aksarka,RU,2021-09-02 01:09:11,66.5606,67.7975,41.41,79,100,7.18
173,Hokitika,NZ,2021-09-02 01:09:11,-42.7167,170.9667,55.35,70,8,5.21
174,Flinders,AU,2021-09-02 01:09:11,-34.5833,150.8552,69.26,76,99,10.13
175,Saint George,US,2021-09-02 01:09:12,37.1041,-113.5841,85.62,44,1,1.99
176,Ribeira Grande,PT,2021-09-02 01:09:12,38.5167,-28.7,67.64,85,100,23.33
177,New Norfolk,AU,2021-09-02 01:09:12,-42.7826,147.0587,75.7,35,1,11.21
178,Garden City,US,2021-09-02 01:09:13,42.3256,-83.331,70.05,54,20,1.01
179,Rabo De Peixe,PT,2021-09-02 01:09:13,37.8,-25.5833,69.31,83,20,8.05
180,Avezzano,IT,2021-09-02 01:09:13,42.0402,13.4388,63.52,95,9,3.51
181,Abu Samrah,SY,2021-09-02 01:09:13,35.3029,37.1841,70.7,59,0,5.77
182,Yenagoa,NG,2021-09-02 01:09:14,4.9247,6.2642,74.17,93,100,1.59
183,Nileshwar,IN,2021-09-02 01:09:14,12.25,75.1,77.31,86,74,3.4
184,Koshki,RU,2021-09-02 01:09:14,54.2091,50.4677,62.85,40,100,7.87
185,Belyy Yar,RU,2021-09-02 01:09:15,53.6039,91.3903,53.49,71,0,6.71
186,Bethel,US,2021-09-02 01:06:18,41.3712,-73.414,68.05,94,90,5.99
187,Atar,MR,2021-09-02 01:09:15,20.5169,-13.0499,93.04,22,6,1.25
188,Mombetsu,JP,2021-09-02 01:09:15,44.3525,143.3525,63.34,78,75,4.21
189,Vila Velha,BR,2021-09-02 01:09:15,-20.3297,-40.2925,66.15,94,0,2.3
190,Gat,IL,2021-09-02 01:09:16,31.61,34.7642,77.68,74,0,3.67
191,Port Elizabeth,ZA,2021-09-02 01:09:16,-33.918,25.5701,51.1,91,100,9.55
192,Mindelo,CV,2021-09-02 01:09:16,16.8901,-24.9804,80.15,83,40,14.97
193,Trang,TH,2021-09-02 01:09:17,7.5,99.5,77.49,92,100,1.66
194,Atambua,ID,2021-09-02 01:09:17,-9.1061,124.8925,83.19,53,7,3.06
195,Gumla,IN,2021-09-02 01:09:17,23.05,84.55,75.04,86,73,4.05
196,Barcelos,PT,2021-09-02 01:09:17,41.5388,-8.6151,65.91,95,88,1.25
197,Soure,BR,2021-09-02 01:09:18,-0.7167,-48.5233,79.27,79,80,9.91
198,Kloulklubed,PW,2021-09-02 01:09:18,7.0419,134.2556,86.5,71,53,3.96
199,Lithakia,GR,2021-09-02 01:09:18,37.7167,20.8333,74.57,64,0,15.48
200,Nikolskoye,RU,2021-09-02 01:09:19,59.7035,30.7861,48.09,95,15,6.06
201,Galle,LK,2021-09-02 01:09:19,6.0367,80.217,78.3,86,100,9.6
202,Zaraza,VE,2021-09-02 01:09:19,9.3503,-65.3245,74.88,92,21,2.89
203,Hervey Bay,AU,2021-09-02 01:04:29,-25.2986,152.8535,77.04,61,0,17.02
204,Bitam,GA,2021-09-02 01:09:19,2.076,11.5007,67.84,99,78,4.0
205,Saquarema,BR,2021-09-02 01:09:20,-22.92,-42.5103,69.82,92,5,9.51
206,Severnyy,RU,2021-09-02 01:09:20,50.677,36.5532,57.24,94,75,8.95
207,Tynda,RU,2021-09-02 01:09:20,55.1667,124.7167,66.79,69,14,1.5
208,Tokur,RU,2021-09-02 01:09:21,53.1333,132.9,60.64,62,10,2.48
209,General Roca,AR,2021-09-02 01:09:21,-39.0333,-67.5833,54.0,55,67,12.35
210,Itoman,JP,2021-09-02 01:09:21,26.1247,127.6694,88.18,79,20,9.22
211,Biga,TR,2021-09-02 01:09:21,40.2281,27.2422,66.43,69,6,5.59
212,Aleksandrovskoye,RU,2021-09-02 01:09:22,44.7142,43.0008,66.34,89,100,6.42
213,Zakharovo,RU,2021-09-02 01:09:22,54.366,39.2792,53.13,92,100,6.73
214,Gudari,IN,2021-09-02 01:09:22,19.35,83.7833,77.07,94,100,1.41
215,Gari,RU,2021-09-02 01:09:23,59.4307,62.3497,49.03,69,100,11.34
216,Krivosheino,RU,2021-09-02 01:09:23,57.3431,83.9261,44.76,88,96,3.02
217,Khash,IR,2021-09-02 01:09:23,28.2211,61.2158,72.59,13,0,4.74
218,Panaba,MX,2021-09-02 01:09:23,21.2833,-88.2667,83.12,57,100,12.55
219,Plettenberg Bay,ZA,2021-09-02 01:09:24,-34.0527,23.3716,51.85,81,100,3.98
220,Uruacu,BR,2021-09-02 01:09:24,-14.5247,-49.1408,81.68,28,100,4.43
221,Taunggyi,MM,2021-09-02 01:09:24,20.7833,97.0333,66.58,93,78,1.63
222,Pitimbu,BR,2021-09-02 01:09:25,-7.4706,-34.8086,73.99,78,11,10.63
223,Chavakachcheri,LK,2021-09-02 01:09:25,9.6579,80.1643,81.03,83,100,17.05
224,Khani,GE,2021-09-02 01:09:25,41.9563,42.9566,63.97,96,31,1.41
225,Fairlie,GB,2021-09-02 01:09:25,55.756,-4.8556,56.39,89,5,1.99
226,Baherden,TM,2021-09-02 01:09:26,38.4362,57.4316,75.76,19,0,7.36
227,Bilibino,RU,2021-09-02 01:09:26,68.0546,166.4372,38.68,87,100,0.67
228,Slave Lake,CA,2021-09-02 01:09:26,55.2834,-114.769,48.69,98,100,13.82
229,Berlevag,NO,2021-09-02 01:09:26,70.8578,29.0864,45.19,82,100,21.27
230,Hasaki,JP,2021-09-02 01:09:27,35.7333,140.8333,70.2,91,100,18.19
231,Maragogi,BR,2021-09-02 01:09:27,-9.0122,-35.2225,73.45,84,68,9.71
232,Beroroha,MG,2021-09-02 01:09:27,-21.6667,45.1667,71.29,67,0,2.8
233,Moron,AR,2021-09-02 01:07:52,-34.6534,-58.6198,59.99,98,100,8.01
234,Lindsay,US,2021-09-02 01:09:28,36.203,-119.0882,94.77,19,1,5.75
235,Santa Maria Da Vitoria,BR,2021-09-02 01:09:28,-13.3947,-44.1886,75.83,54,84,4.76
236,Ishige,JP,2021-09-02 01:09:28,36.1167,139.9667,69.31,91,100,4.81
237,Mount Gambier,AU,2021-09-02 01:09:28,-37.8333,140.7667,73.31,25,0,23.02
238,Macau,MO,2021-09-02 01:09:29,22.2006,113.5461,85.8,89,20,9.22
239,Provideniya,RU,2021-09-02 01:09:29,64.3833,-173.3,46.51,81,90,6.71
240,Kenora,CA,2021-09-02 01:09:29,49.8167,-94.4337,69.78,55,100,6.76
241,Diego De Almagro,CL,2021-09-02 01:09:29,-26.3667,-70.05,64.06,37,0,1.21
242,Pemangkat,ID,2021-09-02 01:09:30,1.1667,108.9667,77.54,87,100,6.35
243,Kalmunai,LK,2021-09-02 01:09:30,7.4167,81.8167,78.31,83,100,5.46
244,Havelock,US,2021-09-02 01:09:30,34.8791,-76.9013,82.35,88,17,8.01
245,Victoria,HK,2021-09-02 01:04:42,22.2855,114.1577,86.05,83,22,9.89
246,Sompeta,IN,2021-09-02 01:09:31,18.9333,84.6,80.78,83,100,1.77
247,Carnarvon,AU,2021-09-02 01:09:31,-24.8667,113.6333,66.27,52,75,14.97
248,Yulara,AU,2021-09-02 01:09:31,-25.2406,130.9889,80.22,12,100,20.27
249,Soe,ID,2021-09-02 01:09:32,-9.8607,124.284,79.11,50,9,8.05
250,Labrea,BR,2021-09-02 01:09:32,-7.2586,-64.7981,76.14,77,17,2.93
251,Umm Lajj,SA,2021-09-02 01:09:32,25.0213,37.2685,92.93,38,16,2.21
252,Barrow,US,2021-09-02 01:09:32,71.2906,-156.7887,41.02,87,90,11.5
253,Kruisfontein,ZA,2021-09-02 01:09:33,-34.0033,24.7314,48.88,91,100,3.29
254,Dubbo,AU,2021-09-02 01:06:48,-32.25,148.6167,71.73,53,0,8.05
255,Kitob,UZ,2021-09-02 01:09:33,39.0843,66.8332,68.58,29,0,4.63
256,Petropavlovsk-Kamchatskiy,RU,2021-09-02 01:09:33,53.0452,158.6483,59.59,77,75,2.24
257,Tete,MZ,2021-09-02 01:09:34,-16.1564,33.5867,72.36,75,43,10.16
258,Lagoa Vermelha,BR,2021-09-02 01:09:34,-28.2086,-51.5258,57.69,65,100,4.7
259,Erenhot,CN,2021-09-02 01:09:35,43.6475,111.9767,70.75,51,31,7.18
260,Namibe,AO,2021-09-02 01:09:35,-15.1961,12.1522,60.94,95,57,7.43
261,Jaguarari,BR,2021-09-02 01:09:35,-10.2639,-40.1958,67.3,73,54,9.42
262,Kabinda,CD,2021-09-02 01:09:36,-6.1333,24.4833,73.67,37,7,0.51
263,Talcahuano,CL,2021-09-02 01:09:36,-36.7167,-73.1167,53.28,94,0,4.61
264,Vestmannaeyjar,IS,2021-09-02 01:09:36,63.4427,-20.2734,54.43,83,100,8.43
265,Moratuwa,LK,2021-09-02 01:09:36,6.773,79.8816,77.76,88,100,7.87
266,Dudinka,RU,2021-09-02 01:09:37,69.4058,86.1778,39.54,90,100,6.15
267,Thompson,CA,2021-09-02 01:09:37,55.7435,-97.8558,70.11,46,100,11.83
268,Ola,RU,2021-09-02 01:09:37,59.5833,151.2833,59.25,62,16,3.49
269,Mulanje,MW,2021-09-02 01:09:38,-16.0316,35.5,65.66,92,21,4.65
270,Pangnirtung,CA,2021-09-02 01:09:38,66.1451,-65.7125,43.61,62,87,0.85
271,Hit,IQ,2021-09-02 01:09:38,33.6416,42.8251,91.65,17,0,6.98
272,Shablykino,RU,2021-09-02 01:09:39,52.8566,35.1964,55.17,93,100,7.18
273,Bundaberg,AU,2021-09-02 01:09:39,-24.85,152.35,77.22,54,75,7.0
274,Komsomolskiy,UZ,2021-09-02 01:09:39,40.4272,71.7189,67.42,37,4,1.83
275,Baykit,RU,2021-09-02 01:09:39,61.67,96.37,43.09,95,100,5.41
276,Brusyanskiy,RU,2021-09-02 01:09:40,53.9923,38.0937,54.12,88,100,5.84
277,Cherskiy,RU,2021-09-02 01:09:40,68.75,161.3,39.63,71,100,3.62
278,Karoi,ZW,2021-09-02 01:09:40,-16.8099,29.6925,61.5,60,0,6.96
279,Pascagoula,US,2021-09-02 01:07:36,30.3658,-88.5561,82.45,91,20,4.61
280,Caravelas,BR,2021-09-02 01:09:41,-17.7125,-39.2481,68.97,92,100,7.72
281,Makakilo City,US,2021-09-02 01:09:41,21.3469,-158.0858,86.32,54,40,17.27
282,Rockland,US,2021-09-02 01:09:41,41.1668,-74.0496,70.65,93,100,1.01
283,Tiksi,RU,2021-09-02 01:09:41,71.6872,128.8694,48.97,77,100,19.19
284,Oron,NG,2021-09-02 01:09:42,4.8256,8.2343,73.27,95,98,0.78
285,Pinega,RU,2021-09-02 01:09:42,64.7001,43.3936,46.69,98,100,6.69
286,Salalah,OM,2021-09-02 01:09:42,17.0151,54.0924,78.89,89,90,3.44
287,Nouadhibou,MR,2021-09-02 01:09:42,20.931,-17.0347,73.98,74,5,17.29
288,Gasa,PS,2021-09-02 01:09:43,31.5,34.4667,78.78,68,0,5.79
289,Keuruu,FI,2021-09-02 01:09:43,62.2667,24.7,44.8,86,11,7.02
290,Nsanje,MW,2021-09-02 01:09:43,-16.92,35.262,72.23,79,82,7.2
291,Khatanga,RU,2021-09-02 01:09:44,71.9667,102.5,32.79,99,100,18.97
292,Tigil,RU,2021-09-02 01:09:44,57.8,158.6667,61.59,65,44,7.2
293,Birao,CF,2021-09-02 01:09:44,10.2849,22.7882,71.96,96,100,4.65
294,Lagoa,PT,2021-09-02 01:09:44,39.05,-27.9833,68.77,95,99,25.26
295,Huarmey,PE,2021-09-02 01:09:45,-10.0681,-78.1522,63.36,83,100,7.31
296,Bosaso,SO,2021-09-02 01:09:45,11.2842,49.1816,88.36,48,1,16.67
297,Kirakira,SB,2021-09-02 01:09:45,-10.4544,161.9205,82.98,74,46,13.13
298,Wanlaweyn,SO,2021-09-02 01:09:46,2.6185,44.8938,74.3,87,15,8.97
299,Grand-Santi,GF,2021-09-02 01:09:46,4.25,-54.3833,72.72,98,99,2.53
300,Roswell,US,2021-09-02 01:06:04,34.0232,-84.3616,77.72,83,1,5.75
301,Lavrentiya,RU,2021-09-02 01:09:46,65.5833,-171.0,46.87,81,100,7.96
302,Seoul,KR,2021-09-02 01:05:29,37.5683,126.9778,76.51,84,100,3.44
303,Brokopondo,SR,2021-09-02 01:09:47,4.75,-55.1667,76.39,87,96,4.16
304,Georgetown,MY,2021-09-02 01:09:47,5.4112,100.3354,79.9,85,20,5.75
305,Kopong,BW,2021-09-02 01:09:47,-24.4833,25.8833,62.35,62,0,10.09
306,Kawalu,ID,2021-09-02 01:09:47,-7.3817,108.2082,73.08,86,100,4.09
307,Sakaiminato,JP,2021-09-02 01:09:48,35.55,133.2333,75.13,82,100,14.58
308,Santa Cruz,BO,2021-09-02 01:09:48,-17.8,-63.1667,80.06,74,98,8.05
309,Ukiah,US,2021-09-02 01:09:48,39.1502,-123.2078,87.51,39,1,9.22
310,Lulea,SE,2021-09-02 01:09:49,65.5842,22.1547,42.87,75,8,10.36
311,Faya,SA,2021-09-02 01:09:49,18.3851,42.4509,64.92,32,19,5.01
312,San Patricio,US,2021-09-02 01:09:49,28.017,-97.5169,88.52,70,6,13.6
313,Harper,LR,2021-09-02 01:09:49,4.375,-7.7169,76.32,87,75,11.18
314,Thayetmyo,MM,2021-09-02 01:09:50,19.3167,95.1833,78.28,91,100,6.35
315,Borzya,RU,2021-09-02 01:09:50,50.3833,116.5167,66.87,63,12,5.26
316,Cloquet,US,2021-09-02 01:09:50,46.7216,-92.4594,62.58,66,1,4.61
317,Faanui,PF,2021-09-02 01:09:51,-16.4833,-151.75,79.32,73,26,17.6
318,Half Moon Bay,US,2021-09-02 01:06:13,37.4636,-122.4286,77.81,72,1,1.01
319,Kaitangata,NZ,2021-09-02 01:09:51,-46.2817,169.8464,55.69,57,0,1.5
320,Wanning,CN,2021-09-02 01:09:51,18.8003,110.3967,81.09,84,100,4.47
321,Luderitz,NA,2021-09-02 01:09:51,-26.6481,15.1594,53.19,87,0,2.93
322,Sainte-Thecle,CA,2021-09-02 01:09:52,46.8168,-72.4991,59.13,65,82,10.38
323,Laguna,US,2021-09-02 01:09:52,38.421,-121.4238,87.24,45,1,5.01
324,Zenzeli,RU,2021-09-02 01:09:52,45.9241,47.0474,74.66,84,95,2.82
325,Port Blair,IN,2021-09-02 01:09:53,11.6667,92.75,78.55,86,100,19.6
326,Cranbrook,CA,2021-09-02 01:09:53,49.4999,-115.7688,62.56,36,100,4.76
327,Jasper,US,2021-09-02 01:09:53,37.2001,-94.3502,81.55,68,1,3.44
328,Billings,US,2021-09-02 01:08:11,45.7833,-108.5007,74.28,35,40,6.91
329,Tomatlan,MX,2021-09-02 01:09:54,19.9333,-105.25,76.12,95,100,2.64
330,Ixtapa,MX,2021-09-02 01:09:54,20.7,-105.2,80.22,94,90,5.75
331,Sobolevo,RU,2021-09-02 01:09:54,54.4299,31.8996,50.23,88,100,9.71
332,Gorodishche,RU,2021-09-02 01:09:54,48.8045,44.4744,67.08,55,0,4.47
333,Lixourion,GR,2021-09-02 01:09:55,38.2019,20.4314,75.78,66,0,18.7
334,Tautira,PF,2021-09-02 01:09:55,-17.7333,-149.15,82.42,78,44,16.17
335,Sayhat,SA,2021-09-02 01:09:55,26.4852,50.0405,93.18,65,2,6.58
336,Khandyga,RU,2021-09-02 01:09:56,62.6667,135.6,59.97,53,45,2.19
337,Inhapim,BR,2021-09-02 01:09:56,-19.5492,-42.12,62.29,92,58,5.1
338,Ambon,ID,2021-09-02 01:09:56,-3.6954,128.1814,80.74,89,40,4.61
339,Asau,RO,2021-09-02 01:09:56,46.4333,26.4,58.75,92,71,3.94
340,Smithers,CA,2021-09-02 01:09:57,54.7804,-127.1743,70.84,34,6,1.43
341,Kodinsk,RU,2021-09-02 01:09:57,58.6881,99.1844,49.37,75,16,5.7
342,Vardo,NO,2021-09-02 01:09:57,70.3705,31.1107,46.08,78,100,19.53
343,Quesnel,CA,2021-09-02 01:09:58,52.9999,-122.5029,66.36,36,82,6.22
344,Mgandu,TZ,2021-09-02 01:09:58,-5.95,34.1333,61.63,70,9,9.98
345,Grado,ES,2021-09-02 01:09:58,43.388,-6.0743,64.9,97,40,0.0
346,Bambous Virieux,MU,2021-09-02 01:09:58,-20.3428,57.7575,69.22,77,12,13.8
347,Anarrakhi,GR,2021-09-02 01:09:59,40.4833,21.5667,57.67,67,0,4.56
348,Xingcheng,CN,2021-09-02 01:09:59,40.6167,120.7167,75.81,74,0,6.42
349,Glendive,US,2021-09-02 01:09:59,47.1053,-104.7125,80.53,30,100,8.01
350,Fort Nelson,CA,2021-09-02 01:09:59,58.8053,-122.7002,65.93,47,0,1.81
351,Bud,US,2021-09-02 01:10:00,39.447,-86.1758,69.93,70,0,6.76
352,Hambantota,LK,2021-09-02 01:10:00,6.1241,81.1185,77.34,100,20,6.91
353,Maroua,CM,2021-09-02 01:10:00,10.591,14.3159,75.58,77,15,5.14
354,Doha,QA,2021-09-02 01:10:00,25.2867,51.5333,89.91,70,0,2.3
355,Nacala,MZ,2021-09-02 01:10:01,-14.5428,40.6728,70.43,93,1,5.77
356,Phangnga,TH,2021-09-02 01:10:01,8.4509,98.5298,75.24,86,100,4.32
357,Souillac,MU,2021-09-02 01:10:01,-20.5167,57.5167,69.37,80,4,12.37
358,Imeni Poliny Osipenko,RU,2021-09-02 01:10:02,52.4201,136.4853,64.11,68,8,6.89
359,Mawlaik,MM,2021-09-02 01:10:02,23.6333,94.4167,76.17,99,100,1.48
360,Griffith,US,2021-09-02 01:10:03,41.5284,-87.4237,71.89,68,1,6.91
361,Uglich,RU,2021-09-02 01:10:03,57.5275,38.3317,48.0,95,71,5.84
362,Brigham City,US,2021-09-02 01:10:03,41.5102,-112.0155,82.42,40,1,3.44
363,Henties Bay,NA,2021-09-02 01:10:04,-22.116,14.2845,52.86,83,0,6.64
364,Pacific Grove,US,2021-09-02 01:10:04,36.6177,-121.9166,73.15,77,40,1.99
365,Teguise,ES,2021-09-02 01:10:04,29.0605,-13.564,71.82,83,0,11.5
366,Chatra,IN,2021-09-02 01:07:09,24.2167,84.8667,77.2,83,80,4.76
367,Zachary,US,2021-09-02 01:10:05,30.6485,-91.1565,80.69,83,1,8.05
368,Maiduguri,NG,2021-09-02 01:10:05,11.8464,13.1603,77.32,71,57,8.05
369,Kenai,US,2021-09-02 01:06:31,60.5544,-151.2583,64.02,73,75,14.97
370,Avera,US,2021-09-02 01:10:05,33.194,-82.5271,81.28,64,0,9.13
371,Roald,NO,2021-09-02 01:10:06,62.5833,6.1333,57.16,88,90,12.66
372,Touros,BR,2021-09-02 01:10:06,-5.1989,-35.4608,74.3,73,35,16.51
373,Litovko,RU,2021-09-02 01:10:06,49.2361,135.1742,61.5,86,98,7.38
374,Tarko-Sale,RU,2021-09-02 01:10:06,64.9225,77.785,41.88,74,100,5.91
375,Evensk,RU,2021-09-02 01:10:07,61.95,159.2333,52.54,73,97,10.76
376,Kupang,ID,2021-09-02 01:10:07,-10.1667,123.5833,86.58,62,20,12.66
377,Waterfoot,GB,2021-09-02 01:10:07,53.6929,-2.2525,57.15,86,100,1.01
378,Rawson,AR,2021-09-02 01:10:08,-43.3002,-65.1023,49.73,73,100,9.98
379,Tari,NG,2021-09-02 01:10:08,12.4086,4.4914,73.53,81,100,9.28
380,Santa Vitoria Do Palmar,BR,2021-09-02 01:10:08,-33.5189,-53.3681,58.84,88,100,10.98
381,Kayerkan,RU,2021-09-02 01:10:08,69.3497,87.7602,37.2,92,97,8.03
382,Broken Hill,AU,2021-09-02 01:10:09,-31.95,141.4333,80.71,24,0,28.99
383,Lima,PE,2021-09-02 01:08:54,-12.0432,-77.0282,60.91,79,90,10.36
384,Vuktyl,RU,2021-09-02 01:10:09,63.8567,57.3094,48.6,93,100,13.8
385,Carballo,ES,2021-09-02 01:10:09,43.213,-8.691,65.91,90,95,0.78
386,Sao Filipe,CV,2021-09-02 01:10:10,14.8961,-24.4956,78.8,83,92,2.1
387,Zhezkazgan,KZ,2021-09-02 01:10:10,47.8043,67.7144,58.91,44,28,7.72
388,Necochea,AR,2021-09-02 01:07:06,-38.5473,-58.7368,49.82,88,100,11.95
389,Siilinjarvi,FI,2021-09-02 01:10:10,63.0833,27.6667,42.82,93,0,12.66
390,Honningsvag,NO,2021-09-02 01:10:11,70.9821,25.9704,45.03,80,100,24.18
391,Ostrovnoy,RU,2021-09-02 01:10:11,68.0531,39.5131,43.81,91,100,10.87
392,Padang,ID,2021-09-02 01:10:11,-0.9492,100.3543,77.52,81,100,2.17
393,Honiara,SB,2021-09-02 01:10:11,-9.4333,159.95,85.62,68,41,8.3
394,Bushenyi,UG,2021-09-02 01:10:12,-0.5853,30.2114,61.97,90,100,2.82
395,Lochmaben,GB,2021-09-02 01:10:12,55.1301,-3.4429,56.25,86,69,8.86
396,Lishu,CN,2021-09-02 01:10:12,43.3047,124.3278,74.35,63,12,5.99
397,Benghazi,LY,2021-09-02 01:10:13,32.1167,20.0667,80.1,74,0,14.27
398,Mandalgovi,MN,2021-09-02 01:10:13,45.7625,106.2708,59.94,64,0,13.04
399,Riberalta,BO,2021-09-02 01:10:13,-10.9833,-66.1,79.52,60,68,3.27
400,Karratha,AU,2021-09-02 01:10:13,-20.7377,116.8463,74.46,38,85,14.07
401,Vao,NC,2021-09-02 01:10:14,-22.6667,167.4833,68.02,70,0,21.36
402,Altagracia De Orituco,VE,2021-09-02 01:10:14,9.8601,-66.3814,72.21,92,7,2.51
403,Grinnell,US,2021-09-02 01:10:14,41.743,-92.7224,73.11,73,1,3.0
404,Qaqortoq,GL,2021-09-02 01:10:15,60.7167,-46.0333,48.7,89,100,4.14
405,Nouakchott,MR,2021-09-02 01:10:15,18.0858,-15.9785,84.13,79,44,14.83
406,Ostersund,SE,2021-09-02 01:09:59,63.1792,14.6357,46.85,87,90,8.05
407,Batticaloa,LK,2021-09-02 01:10:15,7.7102,81.6924,79.3,80,100,2.46
408,Pangody,RU,2021-09-02 01:10:16,65.85,74.4859,39.83,80,100,8.86
409,Kuusankoski,FI,2021-09-02 01:10:16,60.907,26.6244,45.12,81,0,9.22
410,Ornskoldsvik,SE,2021-09-02 01:10:16,63.2909,18.7153,44.42,81,75,10.36
411,Puerto Leguizamo,CO,2021-09-02 01:10:16,-0.1934,-74.7819,72.48,97,95,2.06
412,Mtwara,TZ,2021-09-02 01:10:17,-10.2667,40.1833,70.9,94,40,6.08
413,Nampula,MZ,2021-09-02 01:10:17,-15.1165,39.2666,64.31,99,43,2.71
414,Khorol,UA,2021-09-02 01:10:17,49.7837,33.2783,56.95,88,99,7.02
415,Dingle,PH,2021-09-02 01:10:17,10.9995,122.6711,82.69,74,99,0.45
416,Buta,CD,2021-09-02 01:10:18,2.7858,24.73,67.69,99,100,2.51
417,Saint Anthony,US,2021-09-02 01:10:18,45.0205,-93.218,73.81,61,1,1.01
418,Ipixuna,BR,2021-09-02 01:10:18,-1.7625,-48.8043,78.75,96,14,4.43
419,Palembang,ID,2021-09-02 01:10:19,-2.9167,104.7458,75.29,100,75,0.0
420,Tuatapere,NZ,2021-09-02 01:10:19,-46.1333,167.6833,57.81,54,5,1.21
421,Yerofey Pavlovich,RU,2021-09-02 01:10:19,53.9667,121.9667,68.56,61,9,3.13
422,Trudarmeyskiy,RU,2021-09-02 01:10:19,54.132,86.4098,48.45,69,91,1.61
423,Sayyan,YE,2021-09-02 01:10:20,15.1718,44.3244,63.59,42,27,4.45
424,Bulungu,CD,2021-09-02 01:10:20,-4.55,18.6,77.81,63,91,3.27
425,Luena,AO,2021-09-02 01:10:20,-11.7833,19.9167,60.37,25,0,3.76
426,Solvychegodsk,RU,2021-09-02 01:10:21,61.3305,46.9156,48.74,98,100,8.19
427,Vila Franca Do Campo,PT,2021-09-02 01:10:21,37.7167,-25.4333,70.21,87,37,4.36
428,Saint-Augustin,CA,2021-09-02 01:10:21,51.226,-58.6502,51.84,87,100,10.51
429,Tartus,SY,2021-09-02 01:10:21,34.889,35.8866,77.49,75,0,3.67
430,Villanueva De La Serena,ES,2021-09-02 01:10:22,38.9766,-5.7974,67.82,72,13,1.66
431,Biak,ID,2021-09-02 01:10:22,-0.9131,122.8766,81.54,71,85,4.23
432,Tucurui,BR,2021-09-02 01:10:22,-3.7661,-49.6725,73.49,94,100,2.64
433,La Ronge,CA,2021-09-02 01:10:22,55.1001,-105.2842,56.89,95,100,3.67
434,Saint-Francois,FR,2021-09-02 01:10:23,46.4154,3.9054,56.17,95,0,0.0
435,Comodoro Rivadavia,AR,2021-09-02 01:10:23,-45.8667,-67.5,44.46,93,90,4.61
436,Buraydah,SA,2021-09-02 01:08:13,26.326,43.975,85.15,13,0,6.62
437,Ambilobe,MG,2021-09-02 01:10:23,-13.2,49.05,65.46,81,70,4.7
438,Anloga,GH,2021-09-02 01:10:24,5.7947,0.8973,77.7,90,100,18.28
439,Santo Nino,PH,2021-09-02 01:10:24,6.435,124.6975,82.71,75,100,1.52
440,Tuma,RU,2021-09-02 01:10:24,55.148,40.5537,50.45,97,100,6.24
441,Walvis Bay,NA,2021-09-02 01:10:25,-22.9575,14.5053,53.1,81,0,8.75
442,Codrington,AU,2021-09-02 01:10:25,-38.2667,141.9667,67.73,54,0,24.43
443,Humberto De Campos,BR,2021-09-02 01:10:25,-2.5983,-43.4611,76.23,86,69,4.76
444,Tilichiki,RU,2021-09-02 01:10:26,60.4667,166.1,55.98,73,82,5.79
445,Kaeo,NZ,2021-09-02 01:10:26,-35.1,173.7833,62.33,65,24,13.22
446,Pallasovka,RU,2021-09-02 01:10:26,50.05,46.8833,66.47,54,100,5.44
447,Sao Joao Da Barra,BR,2021-09-02 01:08:37,-21.6403,-41.0511,69.31,85,66,11.16
448,Hailar,CN,2021-09-02 01:10:26,49.2,119.7,61.97,80,19,4.74
449,Sao Carlos,BR,2021-09-02 01:10:27,-22.0175,-47.8908,64.13,47,72,5.01
450,Kinna,SE,2021-09-02 01:10:27,57.5073,12.6946,53.33,79,20,3.6
451,Katsuura,JP,2021-09-02 01:10:27,35.1333,140.3,68.11,96,100,9.53
452,Iroquois Falls,CA,2021-09-02 01:10:27,48.7669,-80.6831,49.95,69,24,4.99
453,Weifang,CN,2021-09-02 01:10:28,36.71,119.1019,71.01,76,92,1.74
454,Johnstown,US,2021-09-02 01:07:32,40.3267,-78.922,64.74,89,90,12.66
455,Samarai,PG,2021-09-02 01:10:28,-10.6167,150.6667,79.0,85,39,20.69
456,Lasa,IT,2021-09-02 01:10:28,46.6166,10.7002,51.37,86,0,1.7
457,Raga,SS,2021-09-02 01:10:29,8.4596,25.678,69.93,95,100,4.74
458,Fairbanks,US,2021-09-02 01:08:23,64.8378,-147.7164,73.4,46,1,0.0
459,Merke,KZ,2021-09-02 01:10:29,42.8728,73.1786,64.42,41,0,4.83
460,Saint-Pierre,RE,2021-09-02 01:10:29,-21.3393,55.4781,69.44,76,4,8.05
461,Hamilton,US,2021-09-02 01:06:57,39.1834,-84.5333,72.91,68,40,1.01
462,Port Lincoln,AU,2021-09-02 01:10:30,-34.7333,135.8667,73.56,31,95,32.91
463,Mpika,ZM,2021-09-02 01:10:30,-11.8343,31.4529,58.73,57,5,7.23
464,Pajapan,MX,2021-09-02 01:10:30,18.25,-94.7,78.58,89,100,2.39
465,Prado,BR,2021-09-02 01:10:30,-17.3411,-39.2208,69.37,90,100,8.41
466,Pompeia,BR,2021-09-02 01:10:31,-22.1086,-50.1717,65.43,41,0,6.64
467,Tadine,NC,2021-09-02 01:10:31,-21.55,167.8833,72.34,52,5,16.2
468,Manaus,BR,2021-09-02 01:06:59,-3.1019,-60.025,77.49,88,40,3.44
469,Nimes,FR,2021-09-02 01:10:31,43.8333,4.35,66.61,88,0,3.44
470,Tura,IN,2021-09-02 01:10:31,25.5198,90.2201,75.16,96,100,2.55
471,Shingu,JP,2021-09-02 01:10:32,33.7333,135.9833,82.9,72,100,6.42
472,Port Moresby,PG,2021-09-02 01:10:32,-9.4431,147.1797,82.49,67,28,5.26
473,Ayan,RU,2021-09-02 01:10:32,56.45,138.1667,61.36,58,5,4.47
474,Kushima,JP,2021-09-02 01:10:33,31.4583,131.2333,84.45,63,100,7.96
475,Nuuk,GL,2021-09-02 01:10:33,64.1835,-51.7216,52.41,54,33,0.0
476,Pakxe,LA,2021-09-02 01:10:33,15.1167,105.7833,79.61,86,89,1.68
477,Aswan,EG,2021-09-02 01:10:33,24.0934,32.907,90.66,21,31,13.8
478,Harnosand,SE,2021-09-02 01:10:34,62.6323,17.9379,46.99,68,20,18.48
479,Sinnar,SD,2021-09-02 01:10:34,13.5691,33.5672,76.44,81,100,8.23
480,Yuanping,CN,2021-09-02 01:10:34,38.7153,112.7575,69.37,65,52,1.95
481,Mazamari,PE,2021-09-02 01:10:35,-11.3258,-74.5308,75.65,75,100,3.04
482,Praya,CV,2021-09-02 01:05:42,14.9215,-23.5087,81.14,89,75,5.75
483,Carutapera,BR,2021-09-02 01:10:35,-1.195,-46.02,75.22,93,32,5.53
484,Ahipara,NZ,2021-09-02 01:10:35,-35.1667,173.1667,59.38,63,78,8.43
485,Sovetskiy,RU,2021-09-02 01:10:35,61.3614,63.5842,48.09,66,100,10.98
486,Palmer,US,2021-09-02 01:10:36,42.1584,-72.3287,64.02,86,75,1.01
487,Kapit,MY,2021-09-02 01:10:36,2.0167,112.9333,74.48,98,100,0.96
488,Gazanjyk,TM,2021-09-02 01:10:36,39.2446,55.5154,73.49,17,0,12.55
489,Denpasar,ID,2021-09-02 01:05:39,-8.65,115.2167,80.26,78,40,11.5
490,Vernon,CA,2021-09-02 01:10:05,50.2581,-119.2691,67.6,48,93,1.99
491,Zarubino,RU,2021-09-02 01:10:37,42.63,131.0922,69.4,59,0,0.49
492,Heiligenhafen,DE,2021-09-02 01:10:37,54.3667,10.9833,60.82,92,10,10.25
493,Garliava,LT,2021-09-02 01:10:37,54.8167,23.8667,49.98,74,32,9.6
494,Kassala,SD,2021-09-02 01:10:37,15.451,36.4,79.52,78,11,9.44
495,Chumikan,RU,2021-09-02 01:10:38,54.7183,135.315,60.82,54,6,2.35
496,Sibolga,ID,2021-09-02 01:10:38,1.7427,98.7792,74.89,86,100,3.44
497,Arinos,BR,2021-09-02 01:10:38,-15.9169,-46.1056,72.1,50,46,2.59
498,Adrar,MR,2021-09-02 01:10:39,20.5022,-10.0711,92.68,16,5,13.42
499,Ponta Delgada,PT,2021-09-02 01:05:44,37.7333,-25.6667,70.52,83,20,8.05
500,Araouane,ML,2021-09-02 01:10:39,18.9048,-3.5265,98.1,12,40,7.43
501,Cascais,PT,2021-09-02 01:10:39,38.6979,-9.4215,69.48,78,1,6.2
502,Sorong,ID,2021-09-02 01:10:39,-0.8833,131.25,82.33,74,17,0.67
503,Arawa,PG,2021-09-02 01:10:40,-6.2132,155.5367,88.05,57,12,5.97
504,Atikokan,CA,2021-09-02 01:10:40,48.7555,-91.6216,63.39,57,100,4.65
505,Wajima,JP,2021-09-02 01:10:40,37.4,136.9,74.19,73,91,15.86
506,Manado,ID,2021-09-02 01:10:41,1.487,124.8455,77.77,94,40,2.3
507,Havre-Saint-Pierre,CA,2021-09-02 01:10:41,50.2334,-63.5986,55.76,100,90,5.75
508,De-Kastri,RU,2021-09-02 01:10:41,51.4667,140.7833,58.05,95,100,4.41
509,Fukuma,JP,2021-09-02 01:10:41,33.7667,130.4667,82.4,94,100,3.31
510,Lompoc,US,2021-09-02 01:10:42,34.6391,-120.4579,75.78,71,1,12.66
511,Bowen,AU,2021-09-02 01:10:42,-20.0167,148.2333,74.73,66,3,21.72
512,Mandeville,JM,2021-09-02 01:10:42,18.0417,-77.5071,73.45,96,100,3.38
513,Xining,CN,2021-09-02 01:08:35,36.6167,101.7667,61.34,69,100,3.33
514,Vawkavysk,BY,2021-09-02 01:10:43,53.1561,24.4513,46.44,89,34,10.45
515,Korla,CN,2021-09-02 01:10:43,41.7597,86.1469,70.32,50,100,1.86
516,Labuhan,ID,2021-09-02 01:10:43,-6.8844,112.2051,81.64,61,94,12.55
517,Constitucion,CL,2021-09-02 01:10:43,-35.3333,-72.4167,52.3,86,0,7.72
518,Muroto,JP,2021-09-02 01:10:44,33.2833,134.15,80.51,79,100,9.19
519,Tanabe,JP,2021-09-02 01:10:44,33.7333,135.3667,82.92,80,100,1.99
520,Bonga,ET,2021-09-02 01:10:44,7.2833,36.2333,59.76,99,100,0.96
521,Svetlogorsk,BY,2021-09-02 01:10:44,52.6333,29.7333,50.45,91,92,10.13
522,Zaysan,KZ,2021-09-02 01:10:45,47.4667,84.8667,58.32,69,4,1.41
523,Sakakah,SA,2021-09-02 01:10:45,29.9697,40.2064,87.49,15,0,2.71
524,Leshukonskoye,RU,2021-09-02 01:10:45,64.8989,45.7622,44.01,96,100,1.68
525,Puerto Escondido,MX,2021-09-02 01:07:40,15.85,-97.0667,83.23,57,75,5.75
526,Kokoda,PG,2021-09-02 01:10:46,-8.8785,147.7407,86.74,59,66,6.58
527,Grand Gaube,MU,2021-09-02 01:10:46,-20.0064,57.6608,69.39,78,5,4.0
528,La Tuque,CA,2021-09-02 01:10:46,47.4334,-72.7824,47.48,82,84,3.6
529,Arlit,NE,2021-09-02 01:10:47,18.7369,7.3853,93.97,11,6,7.27
530,Vila Do Maio,CV,2021-09-02 01:10:47,15.1333,-23.2167,81.39,82,89,2.55
531,Jalu,LY,2021-09-02 01:10:47,29.0331,21.5482,79.18,41,0,8.88
532,San Rafael Del Sur,NI,2021-09-02 01:10:47,11.8485,-86.4384,74.88,92,100,6.55
533,Tommot,RU,2021-09-02 01:10:48,58.9564,126.2925,64.76,65,24,2.44
534,Emet,TR,2021-09-02 01:10:48,39.343,29.2585,54.91,79,0,3.96
535,Krasnoselkup,RU,2021-09-02 01:10:48,65.7,82.4667,41.88,89,100,5.41
536,Manyana,BW,2021-09-02 01:10:49,-23.4,21.7167,60.12,15,0,8.3
537,Taltal,CL,2021-09-02 01:10:49,-25.4,-70.4833,62.47,72,16,3.62
538,Lubumbashi,CD,2021-09-02 01:10:49,-11.6609,27.4794,61.3,48,3,3.22
539,Batagay-Alyta,RU,2021-09-02 01:10:49,67.8006,130.4114,52.83,57,100,3.98
540,Benguela,AO,2021-09-02 01:10:50,-12.5763,13.4055,70.05,88,60,6.71
541,Macomb,US,2021-09-02 01:06:01,40.4592,-90.6718,72.75,88,1,4.61
542,Mahajanga,MG,2021-09-02 01:10:50,-15.7167,46.3167,71.62,64,20,13.8
543,Cocachacra,PE,2021-09-02 01:10:50,-17.0883,-71.7575,59.05,86,45,2.71
544,Baglung,NP,2021-09-02 01:10:51,28.2719,83.5898,69.93,90,63,2.89
545,Abakaliki,NG,2021-09-02 01:10:51,6.3163,8.1169,71.64,97,99,4.83
546,Key Largo,US,2021-09-02 01:10:51,25.0865,-80.4473,86.0,72,96,11.97
547,Kilis,TR,2021-09-02 01:10:52,36.7161,37.115,64.63,82,0,5.46
548,Margate,GB,2021-09-02 01:10:52,51.3813,1.3862,61.3,93,100,11.23
549,Usinsk,RU,2021-09-02 01:10:52,65.9939,57.5281,43.29,93,100,14.81
550,Mehamn,NO,2021-09-02 01:10:52,71.0357,27.8492,44.53,83,100,21.18
551,Kontagora,NG,2021-09-02 01:10:53,10.3999,5.4695,68.54,93,100,4.23
552,Puerto Suarez,BO,2021-09-02 01:10:53,-18.95,-57.8,80.2,26,100,2.53
553,Severomorsk,RU,2021-09-02 01:10:53,69.0689,33.4162,43.2,92,100,12.84
554,Cochrane,CA,2021-09-02 01:10:53,51.1834,-114.4687,58.42,45,90,13.8
555,Agua Dulce,MX,2021-09-02 01:10:54,18.1333,-94.1333,80.35,84,100,3.24
556,Rocha,UY,2021-09-02 01:10:54,-34.4833,-54.3333,57.16,99,100,10.0
557,Ngunguru,NZ,2021-09-02 01:10:54,-35.6167,174.5,62.17,57,28,14.65
558,Daru,PG,2021-09-02 01:10:55,-9.0763,143.2092,82.17,79,31,17.47
559,Teguldet,RU,2021-09-02 01:10:55,57.3064,88.1667,44.35,88,66,2.71
560,Harlow,GB,2021-09-02 01:10:55,51.7766,0.1116,59.63,87,90,6.91
561,At-Bashi,KG,2021-09-02 01:10:55,41.1702,75.8106,47.8,45,0,0.38
