City_ID,City,Lat,Lng,Max Temp,Humidity,Cloudiness,Wind Speed,Current Description,Country,Date
0,Vaini,-21.2,-175.2,71.76,100,90,2.3,overcast clouds,TO,2021-10-10 19:47:11
1,Angostura,25.3667,-108.1833,96.01,42,6,9.13,clear sky,MX,2021-10-10 19:47:11
2,Tabou,4.423,-7.3528,78.03,89,100,9.19,light rain,CI,2021-10-10 19:47:12
3,Punta Arenas,-53.15,-70.9167,53.71,35,20,34.52,few clouds,CL,2021-10-10 19:46:22
4,Sitka,57.0531,-135.33,46.29,87,75,5.75,light rain,US,2021-10-10 19:47:12
5,Arraial Do Cabo,-22.9661,-42.0278,66.16,94,90,12.66,mist,BR,2021-10-10 19:47:12
6,Avarua,-21.2078,-159.775,75.25,78,100,4.61,overcast clouds,CK,2021-10-10 19:42:32
7,Saint-Philippe,-21.3585,55.7679,72.95,88,11,7.61,few clouds,RE,2021-10-10 19:47:13
8,Ribeira Grande,38.5167,-28.7,72.0,94,40,14.97,scattered clouds,PT,2021-10-10 19:47:13
9,San Quintin,30.4833,-115.95,73.02,54,0,9.89,clear sky,MX,2021-10-10 19:47:13
10,Pevek,69.7008,170.3133,22.14,92,100,7.65,overcast clouds,RU,2021-10-10 19:47:13
11,Nikolskoye,59.7035,30.7861,51.4,68,18,8.93,few clouds,RU,2021-10-10 19:47:14
12,Rikitea,-23.1203,-134.9692,74.64,81,95,18.81,light rain,PF,2021-10-10 19:47:14
13,Alice Springs,-23.7,133.8833,53.15,100,90,10.36,overcast clouds,AU,2021-10-10 19:47:14
14,Kupang,-10.1667,123.5833,75.58,84,91,4.85,overcast clouds,ID,2021-10-10 19:47:15
15,Saskylakh,71.9167,114.0833,14.65,96,100,6.85,overcast clouds,RU,2021-10-10 19:47:15
16,Riyadh,24.6877,46.7219,84.34,16,0,6.6,clear sky,SA,2021-10-10 19:44:54
17,Batagay,67.6333,134.6333,30.16,80,100,5.84,overcast clouds,RU,2021-10-10 19:47:15
18,Vestmannaeyjar,63.4427,-20.2734,43.63,71,65,15.19,broken clouds,IS,2021-10-10 19:47:15
19,Tuatapere,-46.1333,167.6833,48.81,96,100,4.25,moderate rain,NZ,2021-10-10 19:47:16
20,Lazaro Cardenas,17.9583,-102.2,85.48,67,91,7.23,overcast clouds,MX,2021-10-10 19:47:16
21,Klaksvik,62.2266,-6.589,43.72,72,100,21.45,overcast clouds,FO,2021-10-10 19:47:16
22,Atuona,-9.8,-139.0333,78.28,77,48,19.26,scattered clouds,PF,2021-10-10 19:47:16
23,Labuhan,-6.8844,112.2051,77.76,78,80,8.46,broken clouds,ID,2021-10-10 19:42:53
24,Cabo San Lucas,22.8909,-109.9124,95.61,67,82,1.99,broken clouds,MX,2021-10-10 19:47:10
25,Albany,42.6001,-73.9662,67.03,76,97,1.99,overcast clouds,US,2021-10-10 19:47:17
26,Chulman,56.8479,124.9104,25.09,90,53,2.68,broken clouds,RU,2021-10-10 19:47:17
27,Ponta Delgada,37.7333,-25.6667,70.52,94,75,11.5,broken clouds,PT,2021-10-10 19:47:18
28,Puerto Ayora,-0.7393,-90.3518,78.76,81,66,7.0,broken clouds,EC,2021-10-10 19:47:18
29,Auki,-8.7676,160.7034,77.34,85,100,3.2,overcast clouds,SB,2021-10-10 19:47:18
30,Ponta Do Sol,32.6667,-17.1,73.0,54,19,4.25,few clouds,PT,2021-10-10 19:47:19
31,Port Elizabeth,-33.918,25.5701,61.11,77,40,18.41,scattered clouds,ZA,2021-10-10 19:45:01
32,Tuktoyaktuk,69.4541,-133.0374,30.2,86,90,9.22,light snow,CA,2021-10-10 19:47:19
33,Coquimbo,-29.9533,-71.3436,65.93,36,0,14.97,clear sky,CL,2021-10-10 19:46:17
34,Mataura,-46.1927,168.8643,48.47,83,100,2.13,light rain,NZ,2021-10-10 19:47:20
35,Kapaa,22.0752,-159.319,80.92,71,90,5.01,light rain,US,2021-10-10 19:47:20
36,San Andres,12.5847,-81.7006,87.82,74,40,13.8,scattered clouds,CO,2021-10-10 19:47:20
37,Mahebourg,-20.4081,57.7,72.25,100,75,13.8,light rain,MU,2021-10-10 19:47:20
38,Mar Del Plata,-38.0023,-57.5575,60.82,28,20,15.01,few clouds,AR,2021-10-10 19:47:21
39,Cabinda,-5.55,12.2,76.24,79,100,9.91,overcast clouds,AO,2021-10-10 19:47:21
40,Khatanga,71.9667,102.5,16.77,96,100,4.85,light snow,RU,2021-10-10 19:47:21
41,Kamyshlov,56.8428,62.7111,29.62,56,31,0.4,scattered clouds,RU,2021-10-10 19:47:21
42,Busselton,-33.65,115.3333,54.05,75,94,14.54,overcast clouds,AU,2021-10-10 19:47:22
43,Cidreira,-30.1811,-50.2056,65.62,77,100,18.95,overcast clouds,BR,2021-10-10 19:47:22
44,Grand Gaube,-20.0064,57.6608,72.37,90,98,5.99,light rain,MU,2021-10-10 19:47:22
45,Shanghai,31.2222,121.4581,73.92,89,75,3.0,light rain,CN,2021-10-10 19:45:22
46,Codrington,-38.2667,141.9667,47.21,70,76,10.54,broken clouds,AU,2021-10-10 19:42:39
47,Tura,25.5198,90.2201,73.96,86,5,3.56,clear sky,IN,2021-10-10 19:47:23
48,Aulla,44.2146,9.9678,57.56,71,0,6.15,clear sky,IT,2021-10-10 19:47:23
49,Dingle,10.9995,122.6711,76.57,92,93,9.26,moderate rain,PH,2021-10-10 19:42:30
50,Ulladulla,-35.35,150.4667,47.3,83,100,10.16,overcast clouds,AU,2021-10-10 19:47:23
51,Hilo,19.7297,-155.09,77.29,88,90,5.75,heavy intensity rain,US,2021-10-10 19:47:24
52,Carnarvon,-24.8667,113.6333,64.47,77,0,12.66,clear sky,AU,2021-10-10 19:43:06
53,Dikson,73.5069,80.5464,29.89,66,100,22.97,light snow,RU,2021-10-10 19:47:24
54,Iqaluit,63.7506,-68.5145,40.73,70,20,4.0,few clouds,CA,2021-10-10 19:47:24
55,Kafanchan,9.5833,8.3,70.59,97,93,3.6,light rain,NG,2021-10-10 19:47:25
56,Castro,-24.7911,-50.0119,58.26,92,100,9.64,overcast clouds,BR,2021-10-10 19:47:25
57,Ushuaia,-54.8,-68.3,51.46,32,20,26.46,light rain,AR,2021-10-10 19:47:25
58,Jaque,7.5175,-78.1703,79.56,87,97,8.59,moderate rain,PA,2021-10-10 19:47:25
59,Inverness,57.4791,-4.224,53.58,83,75,3.0,broken clouds,GB,2021-10-10 19:47:26
60,Bredasdorp,-34.5322,20.0403,60.12,77,54,11.5,broken clouds,ZA,2021-10-10 19:47:26
61,Jamestown,42.097,-79.2353,73.02,67,40,7.0,scattered clouds,US,2021-10-10 19:46:35
62,Labuan,5.2767,115.2417,80.96,88,20,3.0,few clouds,MY,2021-10-10 19:47:26
63,Shar,49.5886,81.0453,48.72,41,100,16.8,overcast clouds,KZ,2021-10-10 19:47:27
64,San Cristobal,7.7669,-72.225,82.58,84,81,1.3,broken clouds,VE,2021-10-10 19:47:27
65,Butaritari,3.0707,172.7902,81.23,70,65,11.32,broken clouds,KI,2021-10-10 19:47:28
66,Barrow,71.2906,-156.7887,28.42,74,75,9.22,broken clouds,US,2021-10-10 19:47:28
67,Ketchikan,55.3422,-131.6461,46.87,87,90,3.44,light rain,US,2021-10-10 19:47:28
68,Port-Gentil,-0.7193,8.7815,76.96,88,40,5.75,scattered clouds,GA,2021-10-10 19:47:28
69,Port Alfred,-33.5906,26.891,60.87,68,11,24.83,few clouds,ZA,2021-10-10 19:47:29
70,Acarau,-2.8856,-40.12,81.45,73,7,20.38,clear sky,BR,2021-10-10 19:47:29
71,Bafq,31.6128,55.4107,60.85,26,0,7.96,clear sky,IR,2021-10-10 19:47:29
72,Sibolga,1.7427,98.7792,75.76,89,100,3.04,overcast clouds,ID,2021-10-10 19:47:30
73,Lata,40.1629,-8.3327,69.08,50,16,4.34,few clouds,PT,2021-10-10 19:47:30
74,Ilulissat,69.2167,-51.1,32.02,80,20,1.14,few clouds,GL,2021-10-10 19:47:30
75,Chokurdakh,70.6333,147.9167,16.18,90,100,5.7,overcast clouds,RU,2021-10-10 19:47:31
76,Torbay,47.6666,-52.7314,48.27,73,75,21.85,broken clouds,CA,2021-10-10 19:47:31
77,Kodinsk,58.6881,99.1844,30.81,90,100,7.36,overcast clouds,RU,2021-10-10 19:47:31
78,Longyearbyen,78.2186,15.6401,22.84,80,75,6.91,broken clouds,SJ,2021-10-10 19:47:32
79,Bengkulu,-3.8004,102.2655,75.52,90,94,4.16,overcast clouds,ID,2021-10-10 19:44:38
80,Maicao,11.3832,-72.2432,88.05,59,95,8.39,overcast clouds,CO,2021-10-10 19:47:32
81,Aklavik,68.2191,-135.0107,30.92,86,75,5.75,broken clouds,CA,2021-10-10 19:47:32
82,Estelle,29.8458,-90.1067,87.06,63,40,11.5,scattered clouds,US,2021-10-10 19:47:33
83,Ancud,-41.8697,-73.8203,56.73,76,100,7.96,overcast clouds,CL,2021-10-10 19:46:34
84,Semey,50.4111,80.2275,47.62,56,100,5.26,overcast clouds,KZ,2021-10-10 19:47:33
85,Paamiut,61.994,-49.6678,36.46,60,100,8.34,overcast clouds,GL,2021-10-10 19:47:33
86,Agua Verde,22.9,-106.05,92.03,70,93,7.99,overcast clouds,MX,2021-10-10 19:47:34
87,Ozinki,51.1786,49.6769,46.0,52,20,3.69,few clouds,RU,2021-10-10 19:47:34
88,Catia La Mar,10.6038,-67.0303,89.8,62,20,3.44,few clouds,VE,2021-10-10 19:47:34
89,Formosa,-26.1775,-58.1781,80.58,65,75,3.44,broken clouds,AR,2021-10-10 19:45:27
90,New Norfolk,-42.7826,147.0587,40.91,76,85,2.37,overcast clouds,AU,2021-10-10 19:47:34
91,Riverton,40.5219,-111.9391,61.79,53,40,3.0,scattered clouds,US,2021-10-10 19:47:35
92,Wisla,49.6563,18.8591,45.68,74,100,1.66,overcast clouds,PL,2021-10-10 19:46:19
93,Bluff,-46.6,168.3333,48.79,91,100,7.52,overcast clouds,NZ,2021-10-10 19:47:35
94,Norman Wells,65.282,-126.8329,32.04,93,75,10.36,light snow,CA,2021-10-10 19:47:35
95,Nueve De Julio,-35.4444,-60.8831,69.71,67,100,8.59,overcast clouds,AR,2021-10-10 19:47:36
96,Yellowknife,62.456,-114.3525,38.41,99,90,11.5,light rain,CA,2021-10-10 19:45:47
97,Cam Ranh,11.9214,109.1591,78.76,89,40,3.44,scattered clouds,VN,2021-10-10 19:47:36
98,Acapulco,16.8634,-99.8901,85.37,71,29,8.16,scattered clouds,MX,2021-10-10 19:46:26
99,Altay,47.8667,88.1167,37.6,42,87,7.58,overcast clouds,CN,2021-10-10 19:47:36
100,La Libertad,-2.2333,-80.9,69.46,83,90,9.22,overcast clouds,EC,2021-10-10 19:47:37
101,Santiago De Chuco,-8.15,-78.1833,59.79,64,85,3.36,light rain,PE,2021-10-10 19:47:37
102,Sorland,67.667,12.6934,46.47,80,100,6.87,overcast clouds,NO,2021-10-10 19:47:37
103,Saint-Michel-Sur-Orge,48.6348,2.3083,55.85,84,0,6.91,clear sky,FR,2021-10-10 19:47:38
104,Tiksi,71.6872,128.8694,28.65,97,100,5.46,overcast clouds,RU,2021-10-10 19:47:38
105,Agdas,40.65,47.4761,57.07,76,0,4.07,clear sky,AZ,2021-10-10 19:47:38
106,Abay,49.6311,72.8539,43.18,65,100,8.63,overcast clouds,KZ,2021-10-10 19:47:38
107,Kulhudhuffushi,6.6221,73.07,82.65,78,96,18.45,overcast clouds,MV,2021-10-10 19:47:39
108,Karpogory,64.0019,44.4451,49.21,93,100,11.54,light rain,RU,2021-10-10 19:47:39
109,Moerai,-22.4333,-151.3333,73.8,75,100,11.79,overcast clouds,PF,2021-10-10 19:47:39
110,Dwarka,22.2394,68.9678,82.17,76,4,5.75,clear sky,IN,2021-10-10 19:47:40
111,Svetlaya,46.5389,138.3297,48.94,62,12,5.32,few clouds,RU,2021-10-10 19:47:40
112,Nemea,37.8167,22.6667,64.04,86,96,1.16,overcast clouds,GR,2021-10-10 19:47:40
113,Saint George,37.1041,-113.5841,70.43,33,1,1.01,clear sky,US,2021-10-10 19:47:41
114,Belyy Yar,53.6039,91.3903,39.09,65,0,0.0,clear sky,RU,2021-10-10 19:47:41
115,East London,-33.0153,27.9116,60.58,68,5,17.09,clear sky,ZA,2021-10-10 19:43:25
116,Hithadhoo,-0.6,73.0833,82.9,67,98,12.21,overcast clouds,MV,2021-10-10 19:47:42
117,Wanning,18.8003,110.3967,78.87,88,93,3.15,overcast clouds,CN,2021-10-10 19:43:13
118,Banda Aceh,5.5577,95.3222,79.16,81,33,15.26,scattered clouds,ID,2021-10-10 19:43:42
119,Qaqortoq,60.7167,-46.0333,37.9,51,47,2.75,scattered clouds,GL,2021-10-10 19:44:13
120,Xique-Xique,-10.8218,-42.7263,89.83,36,74,10.07,broken clouds,BR,2021-10-10 19:44:29
121,Ivanava,52.1451,25.5365,38.77,56,0,6.93,clear sky,BY,2021-10-10 19:47:42
122,Georgetown,5.4112,100.3354,79.9,87,20,3.0,few clouds,MY,2021-10-10 19:47:43
123,Vanimo,-2.6741,141.3028,79.03,89,100,3.27,overcast clouds,PG,2021-10-10 19:47:43
124,Sur,22.5667,59.5289,82.92,56,0,6.29,clear sky,OM,2021-10-10 19:47:43
125,Tual,-5.6667,132.75,82.22,76,100,2.3,overcast clouds,ID,2021-10-10 19:47:44
126,Champerico,14.3,-91.9167,93.74,76,100,10.89,overcast clouds,GT,2021-10-10 19:47:44
127,Rawson,-43.3002,-65.1023,74.93,29,42,10.67,scattered clouds,AR,2021-10-10 19:47:44
128,Aksay,47.26,39.87,54.25,30,7,11.99,clear sky,RU,2021-10-10 19:47:44
129,Ostrovnoy,68.0531,39.5131,42.73,94,100,4.7,overcast clouds,RU,2021-10-10 19:47:45
130,Fare,-16.7,-151.0167,79.05,74,22,11.95,few clouds,PF,2021-10-10 19:47:45
131,Naze,28.3667,129.4833,76.89,87,63,16.11,broken clouds,JP,2021-10-10 19:47:45
132,Gallup,35.5281,-108.7426,58.84,31,1,8.01,clear sky,US,2021-10-10 19:47:46
133,Macusani,-14.0833,-70.4333,45.23,77,94,9.62,overcast clouds,PE,2021-10-10 19:47:46
134,Cape Town,-33.9258,18.4232,65.12,65,0,4.61,clear sky,ZA,2021-10-10 19:44:22
135,Foz,43.5692,-7.2544,63.41,92,2,8.88,clear sky,ES,2021-10-10 19:47:46
136,Atar,20.5169,-13.0499,90.18,17,2,6.87,clear sky,MR,2021-10-10 19:47:46
137,Clyde River,70.4692,-68.5914,37.63,81,90,3.44,overcast clouds,CA,2021-10-10 19:47:47
138,Celestun,20.8667,-90.4,85.06,67,94,9.86,overcast clouds,MX,2021-10-10 19:44:17
139,Sovetskaya Gavan,48.9723,140.2878,44.71,65,82,16.55,broken clouds,RU,2021-10-10 19:47:47
140,San Joaquin,37.9333,-121.3011,78.94,37,1,4.61,clear sky,US,2021-10-10 19:47:47
141,Dryden,49.7833,-92.7503,62.89,88,90,12.66,overcast clouds,CA,2021-10-10 19:47:48
142,Tautira,-17.7333,-149.15,82.42,76,63,8.46,broken clouds,PF,2021-10-10 19:47:48
143,Port Lincoln,-34.7333,135.8667,49.42,65,4,9.84,clear sky,AU,2021-10-10 19:43:57
144,Coria,39.9879,-6.5377,68.45,59,62,4.72,broken clouds,ES,2021-10-10 19:47:49
145,Evensk,61.95,159.2333,25.39,78,99,5.03,overcast clouds,RU,2021-10-10 19:47:49
146,Ann Arbor,42.2776,-83.7409,81.64,73,75,3.0,broken clouds,US,2021-10-10 19:47:49
147,Luanda,-8.8368,13.2343,75.2,78,40,6.91,scattered clouds,AO,2021-10-10 19:47:49
148,Coolum Beach,-26.5333,153.1,66.11,91,56,7.34,broken clouds,AU,2021-10-10 19:47:50
149,Touros,-5.1989,-35.4608,85.1,69,27,12.75,scattered clouds,BR,2021-10-10 19:47:50
150,Kodiak,57.79,-152.4072,44.11,65,1,5.75,clear sky,US,2021-10-10 19:47:50
151,Sumbe,-11.2061,13.8437,73.56,85,90,7.11,overcast clouds,AO,2021-10-10 19:47:50
152,Kavieng,-2.5744,150.7967,81.88,76,52,6.91,broken clouds,PG,2021-10-10 19:47:51
153,Ternate,0.8,127.4,81.21,81,100,3.31,overcast clouds,ID,2021-10-10 19:47:51
154,Upernavik,72.7868,-56.1549,32.99,98,100,12.15,snow,GL,2021-10-10 19:47:51
155,Raymondville,26.4815,-97.7831,97.02,45,7,22.95,clear sky,US,2021-10-10 19:47:52
156,Chimore,-16.9833,-65.1333,90.61,48,100,3.83,overcast clouds,BO,2021-10-10 19:47:52
157,Bangassou,4.7413,22.8184,72.41,97,100,2.15,overcast clouds,CF,2021-10-10 19:47:52
158,Dubbo,-32.25,148.6167,51.93,82,90,13.8,light rain,AU,2021-10-10 19:45:31
159,Qaanaaq,77.484,-69.3632,29.62,90,100,8.3,overcast clouds,GL,2021-10-10 19:47:52
160,Marawi,7.9986,124.2928,66.65,93,91,7.2,overcast clouds,PH,2021-10-10 19:47:53
161,Chuy,-33.6971,-53.4616,61.84,76,93,15.9,overcast clouds,UY,2021-10-10 19:47:53
162,Rabo De Peixe,37.8,-25.5833,69.31,94,75,11.5,broken clouds,PT,2021-10-10 19:47:53
163,Ahuimanu,21.4447,-157.8378,79.86,70,75,16.11,light rain,US,2021-10-10 19:47:54
164,Sterling,39.0062,-77.4286,72.68,88,90,3.0,overcast clouds,US,2021-10-10 19:47:26
165,Parrsboro,45.4001,-64.332,63.27,55,100,14.0,overcast clouds,CA,2021-10-10 19:47:54
166,Pombia,45.653,8.6336,55.26,82,0,3.44,clear sky,IT,2021-10-10 19:47:54
167,Yarmouth,41.7057,-70.2286,64.45,83,90,5.99,light rain,US,2021-10-10 19:47:35
168,Port Hardy,50.6996,-127.4199,50.0,87,75,6.91,light intensity shower rain,CA,2021-10-10 19:45:48
169,Hermanus,-34.4187,19.2345,64.9,68,97,8.99,overcast clouds,ZA,2021-10-10 19:47:55
170,Laguna,38.421,-121.4238,78.89,40,1,1.99,clear sky,US,2021-10-10 19:47:55
171,Washougal,45.5826,-122.3534,60.31,83,90,4.61,overcast clouds,US,2021-10-10 19:44:10
172,Xuddur,4.1213,43.8894,75.61,70,83,16.26,broken clouds,SO,2021-10-10 19:47:55
173,Garowe,8.4054,48.4845,83.05,53,97,13.38,overcast clouds,SO,2021-10-10 19:47:56
174,Brae,60.3964,-1.353,49.91,81,30,23.02,scattered clouds,GB,2021-10-10 19:47:56
175,Yamethin,20.4333,96.15,75.09,94,94,2.93,overcast clouds,MM,2021-10-10 19:47:56
176,Kamenka,51.3223,42.7678,43.92,57,0,5.01,clear sky,RU,2021-10-10 19:47:57
177,Haines Junction,60.7522,-137.5108,33.75,80,29,2.3,scattered clouds,CA,2021-10-10 19:47:57
178,Vestmanna,62.1564,-7.1664,41.92,81,75,10.36,broken clouds,FO,2021-10-10 19:47:57
179,Zurrieq,35.8311,14.4742,67.96,68,20,11.5,few clouds,MT,2021-10-10 19:47:57
180,Alyangula,-13.8483,136.4192,69.67,94,99,0.0,overcast clouds,AU,2021-10-10 19:47:58
181,Sao Filipe,14.8961,-24.4956,81.39,70,0,5.61,clear sky,CV,2021-10-10 19:47:58
182,Itarantim,-15.6597,-40.0656,75.22,81,79,6.49,broken clouds,BR,2021-10-10 19:47:58
183,Vardo,70.3705,31.1107,44.58,87,75,5.75,broken clouds,NO,2021-10-10 19:47:59
184,Noumea,-22.2763,166.4572,73.0,99,0,8.21,clear sky,NC,2021-10-10 19:47:59
185,Blagoyevo,63.3667,47.9167,46.87,95,100,10.83,overcast clouds,RU,2021-10-10 19:47:59
186,Karratha,-20.7377,116.8463,72.97,39,10,4.74,clear sky,AU,2021-10-10 19:47:59
187,Katsuura,35.1333,140.3,71.71,72,80,12.97,broken clouds,JP,2021-10-10 19:48:00
188,Hasaki,35.7333,140.8333,64.29,71,57,15.41,broken clouds,JP,2021-10-10 19:48:00
189,Yamada,39.4667,141.95,65.17,94,97,9.55,overcast clouds,JP,2021-10-10 19:48:00
190,Kilosa,-6.8333,36.9833,73.89,67,75,7.78,broken clouds,TZ,2021-10-10 19:48:01
191,Bilibino,68.0546,166.4372,-2.29,100,93,2.93,overcast clouds,RU,2021-10-10 19:48:01
192,Lebu,-37.6167,-73.65,55.54,72,17,10.78,few clouds,CL,2021-10-10 19:48:02
193,Itarema,-2.9248,-39.9167,81.16,72,6,18.39,clear sky,BR,2021-10-10 19:48:02
194,Bambous Virieux,-20.3428,57.7575,72.21,100,75,13.8,light rain,MU,2021-10-10 19:48:02
195,Dalbandin,28.8947,64.4101,64.22,18,0,3.71,clear sky,PK,2021-10-10 19:48:03
196,Half Moon Bay,37.4636,-122.4286,80.58,61,1,5.75,clear sky,US,2021-10-10 19:48:03
197,Murgab,37.4966,61.9714,46.27,66,0,0.0,clear sky,TM,2021-10-10 19:44:52
198,Thompson,55.7435,-97.8558,48.36,87,75,6.91,broken clouds,CA,2021-10-10 19:48:03
199,Kruisfontein,-34.0033,24.7314,58.89,75,14,7.47,few clouds,ZA,2021-10-10 19:48:04
200,Khandyga,62.6667,135.6,31.12,75,100,5.93,overcast clouds,RU,2021-10-10 19:48:04
201,Tortoli,39.9256,9.6572,60.62,63,0,10.36,clear sky,IT,2021-10-10 19:48:04
202,Yegros,-26.45,-56.4,75.47,83,47,6.06,scattered clouds,PY,2021-10-10 19:48:05
203,Flinders,-34.5833,150.8552,52.21,87,100,7.0,light rain,AU,2021-10-10 19:48:05
204,Dinajpur,25.6272,88.6386,76.5,72,5,5.32,clear sky,BD,2021-10-10 19:48:05
205,Beloha,-25.1667,45.05,67.68,87,15,4.52,light rain,MG,2021-10-10 19:48:06
206,Barra,-11.0894,-43.1417,91.85,30,17,8.93,few clouds,BR,2021-10-10 19:48:06
207,Bethel,41.3712,-73.414,64.76,89,90,1.99,overcast clouds,US,2021-10-10 19:48:06
208,Salamiyah,35.0113,37.0532,71.33,40,29,5.84,scattered clouds,SY,2021-10-10 19:48:06
209,Ulaangom,49.9811,92.0667,32.79,64,43,1.95,scattered clouds,MN,2021-10-10 19:48:07
210,Villa Maria,-32.4075,-63.2402,66.81,81,91,8.77,overcast clouds,AR,2021-10-10 19:48:07
211,Zhigansk,66.7697,123.3711,33.66,99,100,11.65,light rain,RU,2021-10-10 19:48:07
212,Ribeirao Bonito,-22.0667,-48.1761,66.94,84,100,7.83,overcast clouds,BR,2021-10-10 19:48:08
213,Comodoro Rivadavia,-45.8667,-67.5,71.46,28,0,18.41,clear sky,AR,2021-10-10 19:48:08
214,Adeje,28.1227,-16.726,73.02,70,20,11.5,few clouds,ES,2021-10-10 19:48:08
215,Merauke,-8.4667,140.3333,76.66,84,100,9.17,overcast clouds,ID,2021-10-10 19:48:08
216,Caravelas,-17.7125,-39.2481,73.31,87,100,8.52,overcast clouds,BR,2021-10-10 19:48:09
217,Kasama,-10.2129,31.1808,76.95,26,84,10.09,broken clouds,ZM,2021-10-10 19:48:09
218,Constantine,36.365,6.6147,60.21,67,40,3.44,scattered clouds,DZ,2021-10-10 19:48:09
219,Katherine,-14.4667,132.2667,84.52,61,75,8.05,broken clouds,AU,2021-10-10 19:48:10
220,Ahipara,-35.1667,173.1667,57.67,67,77,5.91,broken clouds,NZ,2021-10-10 19:48:10
221,Nahrin,36.0649,69.1334,40.57,56,0,0.98,clear sky,AF,2021-10-10 19:48:10
222,Faanui,-16.4833,-151.75,78.94,75,24,12.88,few clouds,PF,2021-10-10 19:48:11
223,Lorengau,-2.0226,147.2712,80.55,77,99,3.42,overcast clouds,PG,2021-10-10 19:48:11
224,Hvolsvollur,63.7533,-20.2243,40.8,86,40,4.23,scattered clouds,IS,2021-10-10 19:48:11
225,Vao,-22.6667,167.4833,69.64,63,4,14.92,clear sky,NC,2021-10-10 19:48:12
226,Khoni,42.3226,42.4206,52.79,87,0,8.05,clear sky,GE,2021-10-10 19:48:12
227,Novouzensk,50.4592,48.1431,46.65,48,1,4.47,clear sky,RU,2021-10-10 19:48:12
228,Avera,33.194,-82.5271,83.08,52,7,8.48,clear sky,US,2021-10-10 19:48:12
229,Saint-Pierre,-21.3393,55.4781,73.04,77,0,4.61,clear sky,RE,2021-10-10 19:48:13
230,Velsk,61.0701,42.0983,48.22,87,96,9.01,overcast clouds,RU,2021-10-10 19:48:13
231,Pine Bluff,34.2284,-92.0032,85.95,47,1,15.99,clear sky,US,2021-10-10 19:48:13
232,Boundiali,9.5217,-6.4869,76.6,84,87,3.24,moderate rain,CI,2021-10-10 19:48:14
233,Hailar,49.2,119.7,36.41,75,0,9.86,clear sky,CN,2021-10-10 19:48:14
234,Melfi,40.9965,15.6514,48.49,85,100,5.46,overcast clouds,IT,2021-10-10 19:48:14
235,Severo-Kurilsk,50.6789,156.125,47.32,94,100,26.11,moderate rain,RU,2021-10-10 19:48:14
236,Vostok,46.4856,135.8833,37.4,90,100,15.43,overcast clouds,RU,2021-10-10 19:48:15
237,Tomohon,1.3346,124.8392,67.14,83,91,2.53,overcast clouds,ID,2021-10-10 19:48:15
238,Esperance,-33.8667,121.9,53.44,47,100,20.62,overcast clouds,AU,2021-10-10 19:48:15
239,Nishihara,26.1842,127.7558,82.45,89,75,14.97,broken clouds,JP,2021-10-10 19:48:16
240,Asau,46.4333,26.4,42.76,73,18,2.48,light rain,RO,2021-10-10 19:48:16
241,Kaitangata,-46.2817,169.8464,50.67,78,100,3.38,moderate rain,NZ,2021-10-10 19:48:16
242,Aykhal,66.0,111.5,20.12,94,100,13.76,overcast clouds,RU,2021-10-10 19:48:17
243,Atbasar,51.8,68.3333,37.76,76,99,8.5,overcast clouds,KZ,2021-10-10 19:48:17
244,Puerto Madryn,-42.7692,-65.0385,76.66,26,16,26.15,few clouds,AR,2021-10-10 19:48:17
245,Talnakh,69.4865,88.3972,20.71,96,93,5.41,overcast clouds,RU,2021-10-10 19:43:21
246,Harper,4.375,-7.7169,77.86,89,97,9.89,light rain,LR,2021-10-10 19:48:17
247,Pisco,-13.7,-76.2167,68.02,72,0,9.22,clear sky,PE,2021-10-10 19:48:18
248,Hobart,-42.8794,147.3294,41.25,83,20,8.05,few clouds,AU,2021-10-10 19:45:03
249,Ambalavao,-21.8333,46.9333,64.53,68,71,1.74,broken clouds,MG,2021-10-10 19:48:18
250,Porto Novo,6.4965,2.6036,80.42,83,78,5.82,broken clouds,BJ,2021-10-10 19:48:18
251,Dukat,62.55,155.55,7.97,82,1,5.14,clear sky,RU,2021-10-10 19:48:19
252,Souillac,-20.5167,57.5167,72.36,100,75,13.8,light rain,MU,2021-10-10 19:48:19
253,Lavrentiya,65.5833,-171.0,28.02,81,26,3.44,scattered clouds,RU,2021-10-10 19:48:19
254,Sao Felix Do Xingu,-6.6447,-51.995,98.31,28,100,4.41,overcast clouds,BR,2021-10-10 19:48:20
255,Marion,39.7684,-86.1555,85.42,61,20,19.57,few clouds,US,2021-10-10 19:46:13
256,Gali,42.6265,41.7381,56.35,79,12,3.89,few clouds,GE,2021-10-10 19:48:20
257,Salima,-13.7804,34.4587,78.78,45,24,4.34,few clouds,MW,2021-10-10 19:48:20
258,Turayf,31.6725,38.6637,75.45,23,0,11.5,clear sky,SA,2021-10-10 19:48:20
259,Narsaq,60.9167,-46.05,37.62,47,34,0.31,scattered clouds,GL,2021-10-10 19:48:21
260,Yerbogachen,61.2767,108.0108,30.94,80,99,11.97,overcast clouds,RU,2021-10-10 19:48:21
261,Victoria,22.2855,114.1577,80.65,90,100,1.01,light rain,HK,2021-10-10 19:48:21
262,Faya,18.3851,42.4509,69.91,30,32,12.08,scattered clouds,SA,2021-10-10 19:48:22
263,Nanortalik,60.1432,-45.2371,36.37,62,8,0.16,clear sky,GL,2021-10-10 19:48:22
264,Poum,-20.2333,164.0167,73.27,66,12,21.23,few clouds,NC,2021-10-10 19:48:22
265,Tombouctou,20.0,-3.0,91.65,9,100,8.75,overcast clouds,ML,2021-10-10 19:48:22
266,Aksu,41.1231,80.2644,50.22,25,100,0.96,overcast clouds,CN,2021-10-10 19:48:23
267,Kahului,20.8947,-156.47,80.83,77,40,20.71,light rain,US,2021-10-10 19:48:23
268,Husavik,66.0449,-17.3389,37.31,97,100,1.21,overcast clouds,IS,2021-10-10 19:48:23
269,San Fernando,15.0286,120.6898,81.14,94,90,3.62,overcast clouds,PH,2021-10-10 19:43:54
270,Kanniyakumari,8.0833,77.5667,80.22,84,97,17.67,overcast clouds,IN,2021-10-10 19:48:24
271,Samarai,-10.6167,150.6667,78.91,79,99,9.17,overcast clouds,PG,2021-10-10 19:48:24
272,Nabire,-3.3667,135.4833,75.67,93,98,3.24,moderate rain,ID,2021-10-10 19:48:24
273,Akot,21.0964,77.0586,74.79,64,13,4.07,few clouds,IN,2021-10-10 19:48:24
274,Cherskiy,68.75,161.3,0.37,98,89,5.68,overcast clouds,RU,2021-10-10 19:48:25
275,Namibe,-15.1961,12.1522,68.86,85,79,6.46,broken clouds,AO,2021-10-10 19:48:25
276,Constitucion,-35.3333,-72.4167,60.89,59,0,15.95,clear sky,CL,2021-10-10 19:48:25
277,Sambava,-14.2667,50.1667,69.96,78,62,12.44,broken clouds,MG,2021-10-10 19:48:26
278,Cambrils,41.0748,1.0524,65.93,79,40,1.99,scattered clouds,ES,2021-10-10 19:48:26
279,Bhawanipatna,19.9,83.1667,72.16,80,5,1.28,clear sky,IN,2021-10-10 19:48:26
280,Korfovskiy,48.2183,135.0564,38.66,88,97,10.92,overcast clouds,RU,2021-10-10 19:48:26
281,Luebo,-5.35,21.4167,73.74,82,59,3.15,light rain,CD,2021-10-10 19:48:27
282,Virginia Beach,36.8529,-75.978,79.02,77,90,4.0,overcast clouds,US,2021-10-10 19:44:43
283,Dembi Dolo,8.5333,34.8,58.62,90,96,4.47,overcast clouds,ET,2021-10-10 19:48:27
284,Landeck,47.1301,10.5636,39.38,90,3,0.49,clear sky,AT,2021-10-10 19:48:27
285,Taber,49.8167,-112.1518,64.4,26,33,27.63,scattered clouds,CA,2021-10-10 19:45:12
286,Izhmorskiy,56.194,86.6414,31.86,91,100,9.73,light snow,RU,2021-10-10 19:48:28
287,Guiyang,26.5833,106.7167,57.69,94,90,11.18,overcast clouds,CN,2021-10-10 19:48:28
288,Jackson,42.4165,-122.8345,57.92,71,90,0.0,overcast clouds,US,2021-10-10 19:46:05
289,Namatanai,-3.6667,152.4333,79.11,80,27,3.0,scattered clouds,PG,2021-10-10 19:48:28
290,Kavaratti,10.5669,72.642,82.09,82,98,13.65,overcast clouds,IN,2021-10-10 19:48:29
291,Hoquiam,46.9809,-123.8893,59.02,66,1,11.5,clear sky,US,2021-10-10 19:48:11
292,Filingue,14.3521,3.3168,94.53,16,100,7.11,overcast clouds,NE,2021-10-10 19:48:29
293,Ibra,22.6906,58.5334,82.72,41,0,3.06,clear sky,OM,2021-10-10 19:48:29
294,Kosice,48.6667,21.3333,50.49,55,0,9.22,clear sky,SK,2021-10-10 19:48:29
295,Tolon,37.5202,22.8586,63.77,77,72,3.56,broken clouds,GR,2021-10-10 19:48:30
296,Maragogi,-9.0122,-35.2225,78.08,75,32,8.43,scattered clouds,BR,2021-10-10 19:48:30
297,Mareeba,-17.0,145.4333,65.12,93,16,1.97,few clouds,AU,2021-10-10 19:48:30
298,Mecca,21.4267,39.8261,87.51,45,1,4.43,clear sky,SA,2021-10-10 19:48:31
299,Krasnoselkup,65.7,82.4667,25.66,80,43,11.1,scattered clouds,RU,2021-10-10 19:48:31
300,Apartado,7.883,-76.6259,85.78,74,75,3.94,broken clouds,CO,2021-10-10 19:48:31
301,Buzmeyin,38.0507,58.2056,47.93,40,29,2.3,scattered clouds,TM,2021-10-10 19:48:32
302,Strezhevoy,60.7333,77.5889,26.58,72,9,7.4,clear sky,RU,2021-10-10 19:44:40
303,Eyl,7.9803,49.8164,78.69,87,75,16.02,broken clouds,SO,2021-10-10 19:48:32
304,Novikovo,51.1537,37.8879,44.15,58,99,4.94,overcast clouds,RU,2021-10-10 19:48:32
305,Trairi,-3.2778,-39.2689,81.25,71,2,14.34,clear sky,BR,2021-10-10 19:45:33
306,Broken Hill,-31.95,141.4333,46.11,71,54,10.36,broken clouds,AU,2021-10-10 19:47:28
307,Staryy Nadym,65.6118,72.6842,28.2,83,35,9.48,scattered clouds,RU,2021-10-10 19:48:33
308,Abhar,36.1468,49.218,48.42,76,0,3.58,clear sky,IR,2021-10-10 19:48:33
309,Saiha,22.4833,92.9667,69.91,98,95,2.55,overcast clouds,IN,2021-10-10 19:48:33
310,Provideniya,64.3833,-173.3,32.11,74,75,4.47,broken clouds,RU,2021-10-10 19:48:33
311,Shiyan,32.6475,110.7781,50.97,94,100,1.19,overcast clouds,CN,2021-10-10 19:48:34
312,Guerrero Negro,27.9769,-114.0611,79.88,44,0,10.2,clear sky,MX,2021-10-10 19:43:34
313,Batemans Bay,-35.7167,150.1833,50.09,85,100,6.8,overcast clouds,AU,2021-10-10 19:48:34
314,Lloydminster,53.2835,-110.0016,55.62,50,20,12.66,few clouds,CA,2021-10-10 19:48:34
315,Kuala Terengganu,5.3302,103.1408,80.55,94,20,3.44,few clouds,MY,2021-10-10 19:48:35
316,Hurricane,37.1753,-113.2899,68.5,28,0,5.37,clear sky,US,2021-10-10 19:47:55
317,Tuy Hoa,13.0833,109.3,77.02,90,100,4.88,overcast clouds,VN,2021-10-10 19:48:35
318,Mazagao,-0.115,-51.2894,96.85,56,70,6.93,broken clouds,BR,2021-10-10 19:48:35
319,Calabozo,8.9242,-67.4293,87.44,60,94,2.46,overcast clouds,VE,2021-10-10 19:48:35
320,Naliya,23.2667,68.8333,80.74,73,0,6.6,clear sky,IN,2021-10-10 19:48:36
321,Edd,13.9297,41.6925,89.55,65,100,9.17,overcast clouds,ER,2021-10-10 19:48:36
322,Klungkung,-8.5333,115.4,74.08,90,96,1.5,overcast clouds,ID,2021-10-10 19:48:36
323,Lompoc,34.6391,-120.4579,85.78,43,1,13.8,clear sky,US,2021-10-10 19:48:37
324,Khovu-Aksy,51.1333,93.6,28.04,72,43,5.1,scattered clouds,RU,2021-10-10 19:48:37
325,Tarakan,3.3,117.6333,80.74,83,100,7.34,light rain,ID,2021-10-10 19:48:37
326,Waingapu,-9.6567,120.2641,75.4,75,68,4.54,broken clouds,ID,2021-10-10 19:48:37
327,Changying,52.8733,123.3213,33.12,79,4,7.63,clear sky,CN,2021-10-10 19:48:38
328,Fairbanks,64.8378,-147.7164,36.1,95,90,0.0,mist,US,2021-10-10 19:46:14
329,San Pedro,14.35,121.0167,80.35,86,20,0.0,few clouds,PH,2021-10-10 19:48:38
330,Ixtapa,20.7,-105.2,88.23,79,100,1.01,overcast clouds,MX,2021-10-10 19:48:38
331,Batagay-Alyta,67.8006,130.4114,24.49,82,100,2.55,overcast clouds,RU,2021-10-10 19:44:34
332,Kudahuvadhoo,2.6708,72.8944,83.28,74,100,15.46,overcast clouds,MV,2021-10-10 19:48:39
333,Mersing,2.4312,103.8405,76.91,94,100,2.3,light rain,MY,2021-10-10 19:48:39
334,Saint-Leu,-21.15,55.2833,72.43,75,1,3.49,clear sky,RE,2021-10-10 19:48:39
335,Ucluelet,48.9329,-125.5528,57.96,79,100,5.01,overcast clouds,CA,2021-10-10 19:45:47
336,Pampa,35.5362,-100.9599,57.74,82,90,17.27,overcast clouds,US,2021-10-10 19:48:40
337,Akoupe,6.39,-3.9003,74.05,99,87,4.65,moderate rain,CI,2021-10-10 19:48:40
338,Manaus,-3.1019,-60.025,93.7,55,20,3.44,few clouds,BR,2021-10-10 19:48:40
339,Adrar,20.5022,-10.0711,89.04,11,98,3.38,overcast clouds,MR,2021-10-10 19:48:41
340,Yakeshi,49.2833,120.7333,34.61,82,0,7.72,clear sky,CN,2021-10-10 19:48:41
341,Margate,51.3813,1.3862,56.95,78,92,1.99,overcast clouds,GB,2021-10-10 19:48:41
342,Mackenzie,55.2999,-123.1698,41.22,60,75,2.3,broken clouds,CA,2021-10-10 19:45:47
343,Alto Araguaia,-17.3147,-53.2153,82.4,52,100,6.11,moderate rain,BR,2021-10-10 19:48:42
344,Hay River,60.8156,-115.7999,37.38,81,75,16.11,broken clouds,CA,2021-10-10 19:45:47
345,Puri,19.8,85.85,81.12,77,32,5.61,scattered clouds,IN,2021-10-10 19:48:42
346,Mount Gambier,-37.8333,140.7667,37.31,93,99,0.0,mist,AU,2021-10-10 19:48:42
347,Erdenet,49.0333,104.0833,34.43,52,6,3.09,clear sky,MN,2021-10-10 19:48:43
348,Ambulu,-8.345,113.6058,74.73,84,86,3.18,overcast clouds,ID,2021-10-10 19:48:43
349,Geraldton,-28.7667,114.6,48.61,93,14,6.91,few clouds,AU,2021-10-10 19:48:43
350,Grindavik,63.8424,-22.4338,40.95,93,75,3.44,broken clouds,IS,2021-10-10 19:48:43
351,Raudeberg,61.9875,5.1352,48.2,94,100,4.0,overcast clouds,NO,2021-10-10 19:48:44
352,Bantry,51.6833,-9.45,54.88,88,42,4.54,scattered clouds,IE,2021-10-10 19:48:44
353,Pimenta Bueno,-11.6725,-61.1936,93.4,40,49,7.61,scattered clouds,BR,2021-10-10 19:45:46
354,Srisailam,16.0833,78.8667,73.49,88,100,1.95,overcast clouds,IN,2021-10-10 19:48:44
355,Dubai,25.2582,55.3047,89.53,55,0,5.75,clear sky,AE,2021-10-10 19:47:23
356,Quechultenango,17.4167,-99.2167,80.49,71,7,5.64,clear sky,MX,2021-10-10 19:48:45
357,Sola,-13.8833,167.55,79.16,81,64,17.16,broken clouds,VU,2021-10-10 19:48:45
358,Mangrol,21.1167,70.1167,82.2,76,9,4.29,clear sky,IN,2021-10-10 19:48:45
359,Fredensborg,55.9756,12.4031,50.67,84,49,1.01,scattered clouds,DK,2021-10-10 19:48:46
360,Botou,38.0667,116.5667,48.78,72,59,6.4,light rain,CN,2021-10-10 19:48:46
361,Nyurba,63.2842,118.3319,32.27,91,100,13.11,light snow,RU,2021-10-10 19:48:46
362,Otradnoye,59.7775,30.8181,53.04,68,18,9.15,few clouds,RU,2021-10-10 19:48:46
363,Pangody,65.85,74.4859,27.88,84,33,8.93,scattered clouds,RU,2021-10-10 19:48:47
364,Tasiilaq,65.6145,-37.6368,33.96,59,1,2.59,clear sky,GL,2021-10-10 19:48:47
365,Fortuna,40.5982,-124.1573,69.42,61,96,1.99,overcast clouds,US,2021-10-10 19:48:47
366,Foggia,41.45,15.5333,51.58,93,75,12.66,light rain,IT,2021-10-10 19:48:48
367,Camacha,33.0833,-16.3333,69.53,73,40,12.66,scattered clouds,PT,2021-10-10 19:48:48
368,Yelahanka,13.1075,77.6003,69.89,94,75,4.61,broken clouds,IN,2021-10-10 19:48:48
369,Komsomolskiy,40.4272,71.7189,48.92,76,31,4.61,scattered clouds,UZ,2021-10-10 19:48:48
370,Lac Du Bonnet,50.2536,-96.0612,65.21,79,93,6.13,overcast clouds,CA,2021-10-10 19:48:49
371,Killam,52.7834,-111.8518,48.15,71,98,16.11,overcast clouds,CA,2021-10-10 19:48:49
372,Pangai,-19.8,-174.35,71.71,88,90,0.0,light intensity shower rain,TO,2021-10-10 19:48:49
373,Vila Velha,-20.3297,-40.2925,69.75,88,90,9.22,mist,BR,2021-10-10 19:48:05
374,Alihe,50.5667,123.7167,37.2,76,0,7.81,clear sky,CN,2021-10-10 19:48:50
375,Port Hueneme,34.1478,-119.1951,90.46,50,1,5.75,clear sky,US,2021-10-10 19:47:35
376,Ramnagar,29.4,79.1167,70.23,67,0,4.5,clear sky,IN,2021-10-10 19:48:50
377,Kaeo,-35.1,173.7833,53.33,92,15,3.56,few clouds,NZ,2021-10-10 19:48:50
378,Cassilandia,-19.1133,-51.7342,69.71,96,100,9.91,light rain,BR,2021-10-10 19:48:51
379,Buala,-8.145,159.5921,80.06,83,97,4.88,overcast clouds,SB,2021-10-10 19:48:51
380,Wellington,-41.2866,174.7756,57.06,82,75,3.0,broken clouds,NZ,2021-10-10 19:47:40
381,Tatishchevo,51.6703,45.5953,49.48,56,0,3.04,clear sky,RU,2021-10-10 19:48:51
382,Necochea,-38.5473,-58.7368,63.1,71,63,13.0,broken clouds,AR,2021-10-10 19:48:51
383,Mogadishu,2.0371,45.3438,78.42,88,17,14.27,few clouds,SO,2021-10-10 19:48:52
384,Northam,51.0333,-4.2167,56.61,81,12,11.03,few clouds,GB,2021-10-10 19:48:52
385,Yeppoon,-23.1333,150.7333,60.58,78,1,4.99,clear sky,AU,2021-10-10 19:48:52
386,Nova Olinda Do Norte,-3.8881,-59.0942,88.34,54,85,2.71,overcast clouds,BR,2021-10-10 19:48:53
387,Danbury,41.3948,-73.454,64.72,91,90,9.22,overcast clouds,US,2021-10-10 19:48:53
388,Abalak,58.1286,68.5944,27.57,77,9,2.68,clear sky,RU,2021-10-10 19:48:53
389,Axim,4.8699,-2.2405,77.25,88,100,7.67,light rain,GH,2021-10-10 19:48:53
390,Pilar,-9.5972,-35.9567,84.13,72,100,9.57,overcast clouds,BR,2021-10-10 19:48:54
391,Guozhen,34.3659,107.359,45.05,84,97,1.43,overcast clouds,CN,2021-10-10 19:48:54
392,Jesup,31.6074,-81.8854,84.22,57,75,0.0,broken clouds,US,2021-10-10 19:48:54
393,Kremenki,54.885,37.1261,31.1,72,15,3.53,few clouds,RU,2021-10-10 19:48:55
394,Impfondo,1.6381,18.0667,68.52,99,77,2.04,broken clouds,CG,2021-10-10 19:48:55
395,Westerland,54.9079,8.3033,55.42,100,90,8.05,overcast clouds,DE,2021-10-10 19:48:55
396,Harlingen,26.1906,-97.6961,96.98,54,1,25.32,clear sky,US,2021-10-10 19:47:02
397,Tezu,27.9167,96.1667,75.54,75,1,2.98,clear sky,IN,2021-10-10 19:48:55
398,Kwakoa,-3.7667,37.7167,69.8,73,14,6.31,few clouds,TZ,2021-10-10 19:48:56
399,Hailey,43.5196,-114.3153,52.9,46,17,5.99,few clouds,US,2021-10-10 19:48:56
400,Byron Bay,-28.65,153.6167,69.91,84,27,12.88,scattered clouds,AU,2021-10-10 19:48:56
401,Mayo,38.8876,-76.5119,74.34,83,75,8.01,broken clouds,US,2021-10-10 19:48:57
402,Abdulino,53.7,53.6667,44.82,74,100,4.72,overcast clouds,RU,2021-10-10 19:48:57
403,Mandali,33.7499,45.5541,78.71,14,0,9.8,clear sky,IQ,2021-10-10 19:48:57
404,Bathsheba,13.2167,-59.5167,83.01,78,40,19.57,scattered clouds,BB,2021-10-10 19:48:57
405,Tadine,-21.55,167.8833,72.43,60,80,13.0,broken clouds,NC,2021-10-10 19:48:58
406,Jintur,19.6167,76.7,74.19,67,3,3.04,clear sky,IN,2021-10-10 19:48:58
407,Shimoda,34.6667,138.95,67.1,81,10,6.44,clear sky,JP,2021-10-10 19:48:58
408,Olinda,-8.0089,-34.8553,80.33,78,75,8.05,broken clouds,BR,2021-10-10 19:48:59
409,Vilhena,-12.7406,-60.1458,91.62,43,40,11.5,scattered clouds,BR,2021-10-10 19:48:59
410,Coihaique,-45.5752,-72.0662,56.01,58,75,3.44,broken clouds,CL,2021-10-10 19:44:19
411,Yar-Sale,66.8333,70.8333,27.97,77,38,10.4,scattered clouds,RU,2021-10-10 19:48:59
412,Nouakchott,18.0858,-15.9785,80.53,60,0,19.69,clear sky,MR,2021-10-10 19:49:00
413,Marondera,-18.1853,31.5519,57.11,87,98,14.9,overcast clouds,ZW,2021-10-10 19:49:00
414,Pazaric,43.7886,18.1608,44.85,100,90,1.14,overcast clouds,BA,2021-10-10 19:48:04
415,Kyabe,9.4515,18.9449,77.65,85,100,5.59,overcast clouds,TD,2021-10-10 19:49:00
416,Bosaso,11.2842,49.1816,86.07,63,82,1.54,broken clouds,SO,2021-10-10 19:49:00
417,Tselina,46.5338,41.0328,52.34,50,7,12.17,clear sky,RU,2021-10-10 19:49:01
418,Quatre Cocos,-20.2078,57.7625,72.09,90,94,8.63,light rain,MU,2021-10-10 19:49:02
419,Ulaanbaatar,47.9077,106.8832,23.13,86,0,0.0,clear sky,MN,2021-10-10 19:44:07
420,Booue,-0.0921,11.9385,72.39,98,100,1.74,light rain,GA,2021-10-10 19:49:02
421,Saint-Francois,46.4154,3.9054,48.67,92,4,3.44,clear sky,FR,2021-10-10 19:49:03
422,Muros,42.7762,-9.0603,64.83,58,0,13.15,clear sky,ES,2021-10-10 19:49:03
423,Cayenne,4.9333,-52.3333,87.84,76,0,5.01,clear sky,GF,2021-10-10 19:49:03
424,Tiarei,-17.5333,-149.3333,82.42,75,30,9.28,scattered clouds,PF,2021-10-10 19:49:04
425,Lerwick,60.1545,-1.1494,50.0,82,16,21.65,few clouds,GB,2021-10-10 19:49:04
426,Hibbing,47.4272,-92.9377,65.86,82,75,14.97,thunderstorm with light rain,US,2021-10-10 19:49:04
427,La Plaine,15.3333,-61.25,77.29,94,75,3.44,light rain,DM,2021-10-10 19:49:05
428,North Bend,43.4065,-124.2243,61.25,74,75,10.36,broken clouds,US,2021-10-10 19:44:27
429,Buin,-33.7333,-70.75,76.05,34,0,3.04,clear sky,CL,2021-10-10 19:46:30
430,Chakrata,30.7,77.85,49.59,58,0,7.31,clear sky,IN,2021-10-10 19:49:05
431,Yangambi,0.8102,24.4336,71.49,98,100,1.74,moderate rain,CD,2021-10-10 19:49:05
432,Maneciu,45.3167,25.9833,47.86,43,100,2.62,overcast clouds,RO,2021-10-10 19:49:06
433,Suntar,62.1444,117.6319,33.35,80,100,13.56,overcast clouds,RU,2021-10-10 19:49:06
434,Votkinsk,57.0486,53.9872,46.78,92,100,2.68,light rain,RU,2021-10-10 19:49:06
435,Bogale,16.2833,95.4,77.4,94,98,4.27,overcast clouds,MM,2021-10-10 19:49:06
436,Yumen,40.2833,97.2,38.66,21,0,11.74,clear sky,CN,2021-10-10 19:49:07
437,Hamilton,39.1834,-84.5333,85.1,62,20,1.01,few clouds,US,2021-10-10 19:49:07
438,Montepuez,-13.1256,38.9997,72.43,71,35,9.78,scattered clouds,MZ,2021-10-10 19:49:07
439,Bloemfontein,-29.1211,26.214,60.28,41,0,9.22,clear sky,ZA,2021-10-10 19:49:07
440,Dudinka,69.4058,86.1778,24.24,93,100,7.27,overcast clouds,RU,2021-10-10 19:49:08
441,Tromso,69.6496,18.957,46.42,93,90,9.22,overcast clouds,NO,2021-10-10 19:49:08
442,Bogovarovo,58.9785,47.0246,47.19,88,100,7.76,overcast clouds,RU,2021-10-10 19:49:08
443,Ukiah,39.1502,-123.2078,81.12,36,1,0.0,clear sky,US,2021-10-10 19:49:09
444,Broome,42.2506,-75.833,70.92,71,90,5.01,overcast clouds,US,2021-10-10 19:49:09
445,Deputatskiy,69.3,139.9,19.13,85,100,3.67,overcast clouds,RU,2021-10-10 19:49:09
446,Ouargaye,11.5033,0.0572,86.41,43,45,7.45,scattered clouds,BF,2021-10-10 19:49:10
447,Sheridan,44.8333,-106.9173,65.01,34,1,1.99,clear sky,US,2021-10-10 19:47:15
448,Barranca,-10.75,-77.7667,67.21,76,37,10.22,scattered clouds,PE,2021-10-10 19:49:10
449,Todos Santos,23.45,-110.2167,95.11,71,100,6.82,overcast clouds,MX,2021-10-10 19:49:10
450,Burnie,-41.0667,145.9167,41.94,71,0,6.22,clear sky,AU,2021-10-10 19:49:11
451,Varhaug,58.6147,5.6457,52.9,76,27,19.17,scattered clouds,NO,2021-10-10 19:49:11
452,Bolu,40.6667,31.5833,54.86,90,56,1.72,broken clouds,TR,2021-10-10 19:49:11
453,Morehead,37.2711,-87.1764,87.51,50,1,9.22,clear sky,US,2021-10-10 19:49:11
454,Cody,44.5263,-109.0565,60.62,39,75,18.41,broken clouds,US,2021-10-10 19:49:12
455,Tahe,52.3333,124.7333,29.28,89,2,5.55,clear sky,CN,2021-10-10 19:49:12
456,Novyy Urengoy,66.0833,76.6333,28.15,67,24,11.03,few clouds,RU,2021-10-10 19:49:13
457,Big Bend,-26.8167,31.9333,63.39,58,29,7.29,scattered clouds,SZ,2021-10-10 19:49:13
458,Venezuela,8.0,-66.0,92.68,48,80,6.31,broken clouds,VE,2021-10-10 19:49:13
459,Kolondieba,11.0882,-6.8926,80.64,68,100,4.79,overcast clouds,ML,2021-10-10 19:49:14
460,Pak Chong,14.708,101.4161,74.35,92,100,3.4,light rain,TH,2021-10-10 19:49:14
461,Zaraza,9.3503,-65.3245,91.35,49,57,6.06,broken clouds,VE,2021-10-10 19:49:14
462,Birao,10.2849,22.7882,79.75,43,81,5.37,broken clouds,CF,2021-10-10 19:49:14
463,Tecoanapa,16.5167,-98.75,85.01,70,2,9.19,clear sky,MX,2021-10-10 19:49:15
464,Panaba,21.2833,-88.2667,88.11,59,82,14.47,broken clouds,MX,2021-10-10 19:49:15
465,Troitsk,54.0979,61.5773,38.1,96,100,3.8,overcast clouds,RU,2021-10-10 19:49:15
466,San Rafael,-34.6177,-68.3301,73.72,33,45,13.76,scattered clouds,AR,2021-10-10 19:49:16
467,Sorong,-0.8833,131.25,79.63,84,100,6.11,overcast clouds,ID,2021-10-10 19:49:16
468,Ellisras,-23.6649,27.7443,63.72,65,0,16.33,clear sky,ZA,2021-10-10 19:49:16
469,Saquena,-4.6667,-73.5167,92.1,50,37,2.98,scattered clouds,PE,2021-10-10 19:49:17
470,Ozark,37.0209,-93.206,84.88,53,0,4.0,clear sky,US,2021-10-10 19:49:17
471,Ordu,40.9086,37.6845,52.3,91,27,1.28,scattered clouds,TR,2021-10-10 19:49:17
472,Dzhebariki-Khaya,62.2167,135.8,28.67,79,100,3.96,overcast clouds,RU,2021-10-10 19:49:17
473,Yacuiba,-22.038,-63.6797,73.17,64,96,4.83,overcast clouds,BO,2021-10-10 19:49:18
474,Tekeli,44.83,78.8239,34.38,99,100,3.78,snow,KZ,2021-10-10 19:49:18
475,Luderitz,-26.6481,15.1594,70.45,41,11,6.44,few clouds,NA,2021-10-10 19:49:18
476,Buchanan,5.8808,-10.0467,78.76,85,100,6.26,light rain,LR,2021-10-10 19:49:19
477,Chara,56.9064,118.2631,27.36,68,19,4.12,few clouds,RU,2021-10-10 19:49:19
478,Kununurra,-15.7667,128.7333,78.78,73,99,3.44,overcast clouds,AU,2021-10-10 19:49:19
479,Mouila,-1.8685,11.0559,75.25,93,98,3.18,overcast clouds,GA,2021-10-10 19:49:19
480,Monte Alegre,-2.0078,-54.0692,96.22,33,100,7.9,overcast clouds,BR,2021-10-10 19:49:20
481,Inta,66.0317,60.1659,28.6,75,75,6.98,broken clouds,RU,2021-10-10 19:49:20
482,Kenai,60.5544,-151.2583,47.08,75,1,10.36,clear sky,US,2021-10-10 19:49:20
483,Zabid,14.1951,43.3152,87.33,61,97,6.06,overcast clouds,YE,2021-10-10 19:49:21
484,Oranjemund,-28.55,16.4333,71.85,36,6,5.77,clear sky,NA,2021-10-10 19:49:21
485,Cabatuan,10.8794,122.486,76.98,91,100,9.51,overcast clouds,PH,2021-10-10 19:49:21
486,Swan Hill,-35.3378,143.5544,37.09,95,0,7.36,clear sky,AU,2021-10-10 19:49:21
487,Torrington,41.8007,-73.1212,63.36,91,100,3.0,overcast clouds,US,2021-10-10 19:49:22
488,Nome,64.5011,-165.4064,33.87,80,75,0.0,broken clouds,US,2021-10-10 19:48:34
489,Pangnirtung,66.1451,-65.7125,30.2,100,90,9.22,fog,CA,2021-10-10 19:49:22
490,Angoram,-4.0625,144.0661,72.59,94,100,2.39,overcast clouds,PG,2021-10-10 19:49:22
491,Saldanha,-33.0117,17.9442,60.85,60,83,9.53,broken clouds,ZA,2021-10-10 19:49:23
492,Coos Bay,43.3665,-124.2179,62.85,74,75,10.36,broken clouds,US,2021-10-10 19:49:23
493,Inongo,-1.95,18.2667,71.15,93,100,5.64,light rain,CD,2021-10-10 19:49:23
494,Usinsk,65.9939,57.5281,30.36,69,100,13.18,overcast clouds,RU,2021-10-10 19:49:24
495,Hirara,24.8,125.2833,81.88,85,100,34.05,moderate rain,JP,2021-10-10 19:49:24
496,Hemsedal,60.8629,8.5534,44.15,85,6,5.82,clear sky,NO,2021-10-10 19:49:24
497,La Ronge,55.1001,-105.2842,50.25,53,75,1.14,broken clouds,CA,2021-10-10 19:49:24
498,Rio Tercero,-32.173,-64.1141,68.79,53,81,7.31,broken clouds,AR,2021-10-10 19:49:25
499,Sao Jose Da Coroa Grande,-8.8978,-35.1478,78.6,74,26,8.57,scattered clouds,BR,2021-10-10 19:49:25
500,Salalah,17.0151,54.0924,80.69,83,75,5.75,broken clouds,OM,2021-10-10 19:49:25
501,Berlevag,70.8578,29.0864,42.6,87,20,12.66,few clouds,NO,2021-10-10 19:49:26
502,Augusto Correa,-1.0217,-46.635,83.21,68,98,7.7,overcast clouds,BR,2021-10-10 19:49:26
503,Formosa Do Rio Preto,-11.0483,-45.1931,93.83,22,94,3.67,overcast clouds,BR,2021-10-10 19:49:26
504,Ugoofaaru,5.6667,73.0,83.08,77,78,17.09,broken clouds,MV,2021-10-10 19:49:26
505,Port Hedland,-20.3167,118.5667,66.25,68,73,6.91,broken clouds,AU,2021-10-10 19:49:27
506,La Asuncion,11.0333,-63.8628,84.33,71,64,6.46,broken clouds,VE,2021-10-10 19:49:27
507,Marsh Harbour,26.5412,-77.0636,82.81,61,21,4.32,light rain,BS,2021-10-10 19:49:27
508,Hastings,50.8552,0.5729,58.91,95,65,10.25,broken clouds,GB,2021-10-10 19:49:27
509,Port Augusta,-32.5,137.7667,48.34,78,0,7.94,clear sky,AU,2021-10-10 19:49:28
510,Pringsewu,-5.3582,104.9744,74.73,95,100,3.83,overcast clouds,ID,2021-10-10 19:49:28
511,Shubarkuduk,49.1447,56.4872,45.18,74,20,7.94,few clouds,KZ,2021-10-10 19:49:28
512,Daru,-9.0763,143.2092,78.08,81,100,10.76,overcast clouds,PG,2021-10-10 19:49:29
513,Kismayo,-0.3582,42.5454,77.94,88,18,15.1,few clouds,SO,2021-10-10 19:49:29
514,Lincoln,40.8,-96.667,68.07,62,1,1.99,clear sky,US,2021-10-10 19:44:31
515,Norden,53.6,7.2,55.9,93,100,8.32,overcast clouds,DE,2021-10-10 19:49:29
516,Srednekolymsk,67.45,153.6833,7.45,95,27,3.15,scattered clouds,RU,2021-10-10 19:49:30
517,Beringovskiy,63.05,179.3167,29.59,85,100,13.2,overcast clouds,RU,2021-10-10 19:49:30
518,Pyaozerskiy,65.8333,31.1667,51.82,98,100,7.23,overcast clouds,RU,2021-10-10 19:49:30
519,Izumo,35.3667,132.7667,73.35,79,4,5.68,clear sky,JP,2021-10-10 19:49:30
520,Lasa,46.6166,10.7002,50.88,80,2,7.74,clear sky,IT,2021-10-10 19:49:31
521,Saint-Michel-Des-Saints,46.6834,-73.9159,57.94,93,100,6.38,overcast clouds,CA,2021-10-10 19:49:31
522,Ust-Kuyga,70.0167,135.6,23.58,98,100,4.41,overcast clouds,RU,2021-10-10 19:49:31
523,Solnechnyy,50.7214,136.6319,40.86,88,100,8.3,overcast clouds,RU,2021-10-10 19:49:32
524,San Ignacio,17.1561,-89.0714,91.54,62,75,4.61,broken clouds,BZ,2021-10-10 19:49:32
525,Port Blair,11.6667,92.75,80.87,84,100,17.2,overcast clouds,IN,2021-10-10 19:49:32
526,Aviles,43.5547,-5.9248,61.99,82,40,4.61,scattered clouds,ES,2021-10-10 19:49:32
527,Ca Mau,9.1769,105.15,77.79,91,100,6.44,overcast clouds,VN,2021-10-10 19:49:33
528,Nazas,25.2333,-104.1333,93.33,20,0,5.59,clear sky,MX,2021-10-10 19:49:33
529,Albacete,38.8333,-2.0,62.19,77,0,9.22,clear sky,ES,2021-10-10 19:48:01
530,Tianpeng,30.9866,103.9393,59.47,87,100,3.18,overcast clouds,CN,2021-10-10 19:49:33
531,Airai,-8.9266,125.4092,60.62,71,100,1.1,overcast clouds,TL,2021-10-10 19:49:34
532,Medea,36.2642,2.7539,55.85,74,4,4.16,clear sky,DZ,2021-10-10 19:49:34
533,Araouane,18.9048,-3.5265,93.11,8,100,6.6,overcast clouds,ML,2021-10-10 19:49:34
534,Abu Kamal,34.4506,40.9171,78.42,18,0,2.73,clear sky,SY,2021-10-10 19:49:35
535,Bronnoysund,65.4625,12.1997,48.42,93,40,6.91,scattered clouds,NO,2021-10-10 19:49:35
536,Gat,31.61,34.7642,74.39,63,0,5.68,clear sky,IL,2021-10-10 19:49:04
537,Whitehorse,60.7161,-135.0538,38.1,86,75,0.0,broken clouds,CA,2021-10-10 19:45:48
538,Malinyi,-8.9333,36.1333,79.43,40,97,5.41,overcast clouds,TZ,2021-10-10 19:49:35
539,Lobao,40.9866,-8.4857,70.02,48,100,4.7,overcast clouds,PT,2021-10-10 19:49:36
540,Halifax,44.6453,-63.5724,64.35,57,100,3.44,overcast clouds,CA,2021-10-10 19:45:10
541,Aquidauana,-20.4711,-55.7872,74.32,82,95,9.62,overcast clouds,BR,2021-10-10 19:49:36
542,Kenora,49.8167,-94.4337,60.78,94,75,11.5,broken clouds,CA,2021-10-10 19:49:36
543,Sisimiut,66.9395,-53.6735,35.76,73,100,6.35,overcast clouds,GL,2021-10-10 19:49:36
544,Bambanglipuro,-7.95,110.2833,76.35,84,90,5.97,overcast clouds,ID,2021-10-10 19:49:37
545,Rocha,-34.4833,-54.3333,60.4,76,100,13.06,overcast clouds,UY,2021-10-10 19:49:37
546,Kaduqli,11.0167,29.7167,79.48,54,100,3.18,overcast clouds,SD,2021-10-10 19:49:37
547,Portland,45.5234,-122.6762,60.46,80,75,1.01,broken clouds,US,2021-10-10 19:44:42
548,Makhinjauri,41.6739,41.694,62.46,94,75,3.44,broken clouds,GE,2021-10-10 19:49:38
549,Quang Ngai,15.1167,108.8,76.05,93,96,3.65,overcast clouds,VN,2021-10-10 19:49:38
550,Isla Vista,34.4133,-119.861,87.67,45,1,6.91,clear sky,US,2021-10-10 19:49:38
551,Roald,62.5833,6.1333,52.16,76,40,10.36,scattered clouds,NO,2021-10-10 19:49:38
552,Teguise,29.0605,-13.564,70.02,73,20,16.11,few clouds,ES,2021-10-10 19:49:39
553,Seoul,37.5683,126.9778,58.51,82,0,3.44,clear sky,KR,2021-10-10 19:47:35
554,Springhill,33.006,-93.4668,89.85,32,0,13.06,clear sky,US,2021-10-10 19:49:39
555,Anchorage,61.2181,-149.9003,47.35,78,75,7.0,broken clouds,US,2021-10-10 19:49:39
556,Erzin,36.9559,36.2,73.99,40,0,3.22,clear sky,TR,2021-10-10 19:49:40
557,Dalvik,65.9702,-18.5286,37.33,98,98,1.59,overcast clouds,IS,2021-10-10 19:49:40
558,Belaya Gora,68.5333,146.4167,19.44,74,100,3.24,overcast clouds,RU,2021-10-10 19:49:40
559,Palembang,-2.9167,104.7458,75.67,90,56,3.2,broken clouds,ID,2021-10-10 19:49:41
560,Bull Savanna,17.8868,-77.5902,82.81,64,98,11.83,overcast clouds,JM,2021-10-10 19:49:41
561,Muscatine,41.4667,-91.1335,80.69,73,1,14.97,clear sky,US,2021-10-10 19:49:41
562,Arona,28.0996,-16.681,68.83,70,20,11.5,few clouds,ES,2021-10-10 19:49:41
563,Stara Vyzhivka,51.4376,24.44,39.52,48,5,7.25,clear sky,UA,2021-10-10 19:49:42
564,Tricase,39.9304,18.3553,56.55,82,99,9.33,overcast clouds,IT,2021-10-10 19:49:42
565,Jucurutu,-6.0339,-37.0203,91.63,38,94,17.76,overcast clouds,BR,2021-10-10 19:49:42
566,Altagracia De Orituco,9.8601,-66.3814,83.41,76,44,3.36,scattered clouds,VE,2021-10-10 19:49:43
567,Rio Blanco,18.8333,-97.15,83.28,49,27,4.74,scattered clouds,MX,2021-10-10 19:49:43
568,Huescar,37.811,-2.5412,61.93,76,59,5.23,broken clouds,ES,2021-10-10 19:49:43
569,Gondar,12.6,37.4667,58.01,78,43,4.54,scattered clouds,ET,2021-10-10 19:49:43
570,Caraquet,47.7941,-64.9386,64.98,67,99,5.95,overcast clouds,CA,2021-10-10 19:45:57
571,Saint Marys,30.7305,-81.5465,84.04,71,90,5.99,overcast clouds,US,2021-10-10 19:45:12
572,Fujin,47.26,132.0322,44.67,61,4,17.69,clear sky,CN,2021-10-10 19:49:44
573,Isangel,-19.55,169.2667,71.71,78,4,10.36,clear sky,VU,2021-10-10 19:49:44
574,Athabasca,54.7169,-113.2854,48.02,46,100,13.22,overcast clouds,CA,2021-10-10 19:49:44
575,Anadyr,64.75,177.4833,21.7,92,75,5.99,light snow,RU,2021-10-10 19:49:45
576,Port Antonio,18.18,-76.4612,88.92,64,22,10.11,few clouds,JM,2021-10-10 19:49:45
577,Kirakira,-10.4544,161.9205,78.62,84,90,3.4,overcast clouds,SB,2021-10-10 19:49:45
578,Acari,-15.4311,-74.6158,72.21,67,57,9.57,broken clouds,PE,2021-10-10 19:49:45
579,Huarmey,-10.0681,-78.1522,69.08,77,59,9.98,broken clouds,PE,2021-10-10 19:49:46
580,Jiayuguan,39.8167,98.3,40.37,22,0,5.23,clear sky,CN,2021-10-10 19:49:46
581,Banning,33.9256,-116.8764,81.99,35,0,4.12,clear sky,US,2021-10-10 19:49:46
582,Abbeville,50.1,1.8333,58.5,94,75,4.56,broken clouds,FR,2021-10-10 19:49:47
583,Chipinge,-20.1883,32.6236,55.92,90,100,7.31,overcast clouds,ZW,2021-10-10 19:49:47
584,Sao Raimundo Das Mangabeiras,-7.0219,-45.4811,99.84,17,100,7.18,overcast clouds,BR,2021-10-10 19:49:47
585,Robertsport,6.7533,-11.3686,80.1,81,23,9.19,few clouds,LR,2021-10-10 19:49:48
586,Shabo,46.1326,30.386,48.65,55,1,10.38,clear sky,UA,2021-10-10 19:49:48
587,Potosi,-19.5836,-65.7531,64.18,16,2,20.47,clear sky,BO,2021-10-10 19:49:48
588,Assiniboia,49.6334,-105.9845,62.51,29,10,16.11,clear sky,CA,2021-10-10 19:49:48
589,Amga,60.8953,131.9608,32.16,94,100,5.88,light snow,RU,2021-10-10 19:49:49
590,Kokrajhar,26.399,90.2718,77.43,85,6,1.74,clear sky,IN,2021-10-10 19:49:49
591,Urumqi,43.801,87.6005,40.15,56,0,4.47,clear sky,CN,2021-10-10 19:48:05
592,Pauri,30.15,78.7833,59.25,71,0,4.68,clear sky,IN,2021-10-10 19:49:49
593,Mansa,29.9833,75.3833,78.84,39,0,7.9,clear sky,IN,2021-10-10 19:49:50
594,Bandar-E Lengeh,26.5579,54.8807,84.45,70,0,8.63,clear sky,IR,2021-10-10 19:49:50
595,Lagoa,39.05,-27.9833,71.08,86,100,23.24,overcast clouds,PT,2021-10-10 19:49:50
596,Yanaul,56.2719,54.9309,43.29,93,100,3.06,overcast clouds,RU,2021-10-10 19:49:50
597,Puga,21.5833,-104.8167,85.77,68,91,5.44,overcast clouds,MX,2021-10-10 19:49:51
598,Takoradi,4.8845,-1.7554,76.78,90,100,10.63,light rain,GH,2021-10-10 19:49:51
599,Chernyshevskiy,63.0128,112.4714,28.08,70,94,16.24,overcast clouds,RU,2021-10-10 19:49:51
600,Hervey Bay,-25.2986,152.8535,70.02,71,4,12.84,clear sky,AU,2021-10-10 19:49:52
601,Meulaboh,4.1363,96.1285,76.44,88,100,3.42,overcast clouds,ID,2021-10-10 19:49:52
602,Itaituba,-4.2761,-55.9836,93.36,62,20,5.75,few clouds,BR,2021-10-10 19:49:52
603,Doka,13.5167,35.7667,80.04,65,100,4.32,overcast clouds,SD,2021-10-10 19:49:53
604,Keetmanshoop,-26.5833,18.1333,73.29,12,0,10.85,clear sky,NA,2021-10-10 19:49:53
605,Aloleng,16.1307,119.7824,82.99,81,100,22.35,overcast clouds,PH,2021-10-10 19:49:53
606,Krumovgrad,41.4667,25.65,57.04,96,100,6.8,overcast clouds,BG,2021-10-10 19:49:53
607,Ziro,27.6333,93.8333,54.03,96,9,2.21,clear sky,IN,2021-10-10 19:49:54
608,Vila Franca Do Campo,37.7167,-25.4333,70.21,87,100,9.84,overcast clouds,PT,2021-10-10 19:49:54
609,Bischofshofen,47.4167,13.2167,44.04,96,31,1.72,scattered clouds,AT,2021-10-10 19:49:54
610,Sonoita,31.85,-112.8333,79.54,12,0,7.27,clear sky,MX,2021-10-10 19:49:55
611,Olafsvik,64.8945,-23.7142,40.08,60,31,2.28,scattered clouds,IS,2021-10-10 19:49:55
612,Abu Dhabi,24.4667,54.3667,89.62,55,0,6.91,clear sky,AE,2021-10-10 19:45:05
613,Toma,12.7667,-2.8833,90.23,36,100,10.51,overcast clouds,BF,2021-10-10 19:49:55
614,Brokopondo,4.75,-55.1667,87.73,59,80,2.3,light rain,SR,2021-10-10 19:49:55
615,Hare Bay,48.8499,-54.0148,44.2,67,9,13.24,clear sky,CA,2021-10-10 19:49:56
616,Kalaleh,37.3807,55.4916,57.61,40,0,3.04,clear sky,IR,2021-10-10 19:49:56
617,Yichun,47.7,128.9,37.85,79,0,8.9,clear sky,CN,2021-10-10 19:49:56
618,Carballo,43.213,-8.691,63.75,75,2,6.76,clear sky,ES,2021-10-10 19:49:57
619,Honiara,-9.4333,159.95,79.18,85,97,0.98,overcast clouds,SB,2021-10-10 19:49:57
620,Santa Fe,-31.6333,-60.7,72.01,67,99,8.01,overcast clouds,AR,2021-10-10 19:49:57
621,Lugovoy,42.9472,72.7644,40.68,63,70,7.74,broken clouds,KZ,2021-10-10 19:49:58
622,Leningradskiy,69.3833,178.4167,19.51,90,100,4.47,overcast clouds,RU,2021-10-10 19:49:58
623,Boo,59.3333,18.2833,53.67,73,0,9.22,light rain,SE,2021-10-10 19:49:58
624,Nhulunbuy,-12.2333,136.7667,74.01,88,54,0.0,broken clouds,AU,2021-10-10 19:49:59
625,Kalmunai,7.4167,81.8167,81.23,77,99,3.51,overcast clouds,LK,2021-10-10 19:49:59
626,Ransang,8.9603,117.5828,78.39,92,100,13.15,overcast clouds,PH,2021-10-10 19:49:59
627,Tazovskiy,67.4667,78.7,28.2,75,37,15.43,scattered clouds,RU,2021-10-10 19:49:59
628,Sioni,41.9895,45.0239,46.76,97,12,2.95,few clouds,GE,2021-10-10 19:50:00
629,Jacareacanga,-6.2222,-57.7528,92.46,43,92,2.13,overcast clouds,BR,2021-10-10 19:50:00
630,Rosarito,32.3333,-117.0333,86.65,44,0,11.65,clear sky,MX,2021-10-10 19:50:00
631,Rio Grande,-32.035,-52.0986,66.31,79,100,22.66,overcast clouds,BR,2021-10-10 19:50:01
632,Sabya,17.1495,42.6254,89.22,66,14,5.19,few clouds,SA,2021-10-10 19:50:01
633,Bria,6.5423,21.9863,71.56,93,100,2.59,overcast clouds,CF,2021-10-10 19:50:02
634,Elk City,35.412,-99.4043,78.78,50,90,0.0,light rain,US,2021-10-10 19:50:03
635,Presov,49.1667,21.25,47.55,65,93,4.94,overcast clouds,SK,2021-10-10 19:50:03
636,Vila,42.0304,-8.1588,61.34,56,37,5.01,scattered clouds,PT,2021-10-10 19:50:04
637,Ongandjera,-17.8833,15.0667,79.47,12,0,11.65,clear sky,NA,2021-10-10 19:50:05
638,Sarahan,31.5167,77.8,52.29,45,0,4.97,clear sky,IN,2021-10-10 19:50:06
639,Wuwei,37.9281,102.6414,43.72,50,0,3.74,clear sky,CN,2021-10-10 19:50:06
640,Turki,51.987,43.2731,43.32,62,1,3.42,clear sky,RU,2021-10-10 19:50:07
641,Verkhnevilyuysk,63.4453,120.3167,32.63,92,98,10.54,overcast clouds,RU,2021-10-10 19:50:07
642,Ewa Beach,21.3156,-158.0072,80.1,72,75,17.0,light rain,US,2021-10-10 19:50:08
643,Bandarbeyla,9.4942,50.8122,79.72,85,98,19.93,overcast clouds,SO,2021-10-10 19:50:09
644,Daultala,33.1925,73.1413,68.63,51,0,4.65,clear sky,PK,2021-10-10 19:50:09
645,Bjornevatn,69.6672,29.9847,41.34,100,75,2.3,mist,NO,2021-10-10 19:50:10
646,Vetralla,42.3098,12.0784,53.46,68,4,14.23,clear sky,IT,2021-10-10 19:50:11
647,Fort Nelson,58.8053,-122.7002,42.39,61,90,13.8,light rain,CA,2021-10-10 19:45:48
648,San Patricio,28.017,-97.5169,94.05,57,42,20.76,scattered clouds,US,2021-10-10 19:50:11
649,Tsabong,-26.0217,22.401,68.36,10,2,8.68,clear sky,BW,2021-10-10 19:50:12
650,Sucre,-19.0333,-65.2627,76.62,30,8,10.4,clear sky,BO,2021-10-10 19:50:12
651,Porto Torres,40.835,8.3972,60.98,60,13,6.15,few clouds,IT,2021-10-10 19:50:12
652,Thanh Hoa,19.8,105.7667,74.59,95,100,2.71,light rain,VN,2021-10-10 19:50:13
653,Nikel,69.4128,30.222,41.18,96,100,1.7,overcast clouds,RU,2021-10-10 19:50:13
654,Nioro,13.35,-15.75,80.42,79,95,6.6,overcast clouds,GM,2021-10-10 19:50:13
655,Iracoubo,5.4802,-53.2011,82.17,77,100,11.41,overcast clouds,GF,2021-10-10 19:50:13
656,Pompeu,-19.2244,-44.9353,69.93,79,100,6.76,overcast clouds,BR,2021-10-10 19:50:14
657,Dunda,-8.1167,34.25,76.8,40,93,7.49,overcast clouds,TZ,2021-10-10 19:50:14
658,Korampallam,8.7667,78.1,83.1,69,76,8.55,broken clouds,IN,2021-10-10 19:50:14
659,Nemuro,43.3236,145.575,63.07,91,100,34.83,moderate rain,JP,2021-10-10 19:50:14
660,Xudat,41.631,48.681,56.3,75,60,4.41,broken clouds,AZ,2021-10-10 19:50:15
661,Te Anau,-45.4167,167.7167,42.24,97,100,1.21,moderate rain,NZ,2021-10-10 19:50:15
662,Atambua,-9.1061,124.8925,73.29,81,98,2.48,overcast clouds,ID,2021-10-10 19:50:15
663,Forio,40.7342,13.8646,57.81,70,6,14.23,clear sky,IT,2021-10-10 19:50:16
664,Dartford,51.4435,0.2196,58.95,80,75,1.99,broken clouds,GB,2021-10-10 19:50:16
665,Shimanovsk,52.0,127.7,34.18,85,53,8.75,broken clouds,RU,2021-10-10 19:50:16
666,Keti Bandar,24.1447,67.4497,80.06,81,0,11.18,clear sky,PK,2021-10-10 19:50:16
667,Hargeysa,9.56,44.065,73.09,64,75,12.03,broken clouds,SO,2021-10-10 19:50:17
668,Puerto Quijarro,-17.7833,-57.7667,97.12,35,64,6.35,broken clouds,BO,2021-10-10 19:50:17
669,Satuk,41.2263,32.3836,57.9,89,93,0.89,overcast clouds,TR,2021-10-10 19:50:17
670,Sechura,-5.5569,-80.8222,77.2,60,27,16.42,scattered clouds,PE,2021-10-10 19:50:18
671,Crawley,51.113,-0.1831,58.26,89,20,6.91,few clouds,GB,2021-10-10 19:50:18
672,Mormugao,15.4,73.8,78.4,86,26,2.06,scattered clouds,IN,2021-10-10 19:50:18
673,Padang,-0.9492,100.3543,75.34,96,100,1.74,light rain,ID,2021-10-10 19:50:18
674,George,-33.963,22.4617,54.95,88,0,6.91,clear sky,ZA,2021-10-10 19:50:19
675,Nadvoitsy,63.8667,34.3167,51.62,88,100,12.08,light rain,RU,2021-10-10 19:50:19
676,Eureka,40.8021,-124.1637,62.13,82,88,8.01,overcast clouds,US,2021-10-10 19:45:50
677,Dunedin,-45.8742,170.5036,53.92,68,100,2.98,light rain,NZ,2021-10-10 19:50:20
678,Lhokseumawe,5.1801,97.1507,77.92,80,96,3.09,light rain,ID,2021-10-10 19:50:20
679,Bontang,0.1333,117.5,78.64,88,100,7.29,overcast clouds,ID,2021-10-10 19:50:20
680,Kankaanpaa,61.8,22.4167,50.81,79,100,12.03,overcast clouds,FI,2021-10-10 19:50:20
681,Inuvik,68.3499,-133.7218,31.21,93,90,4.61,light snow,CA,2021-10-10 19:50:21
682,Atasu,48.6814,71.6433,46.51,61,100,6.89,overcast clouds,KZ,2021-10-10 19:50:21
683,Sakakah,29.9697,40.2064,85.57,17,5,9.01,clear sky,SA,2021-10-10 19:50:21
684,Zalari,53.5584,102.5065,37.38,73,12,1.07,few clouds,RU,2021-10-10 19:50:22
685,Mehamn,71.0357,27.8492,42.98,93,40,9.22,scattered clouds,NO,2021-10-10 19:50:22
686,Korla,41.7597,86.1469,47.53,42,84,1.41,broken clouds,CN,2021-10-10 19:50:22
687,Kassala,15.451,36.4,88.39,44,100,7.2,overcast clouds,SD,2021-10-10 19:50:22
688,Palmer,42.1584,-72.3287,63.95,69,90,1.99,overcast clouds,US,2021-10-10 19:47:53
689,Shelburne,44.0787,-80.2041,67.26,88,100,12.86,overcast clouds,CA,2021-10-10 19:50:23
690,Saint-Denis,48.9167,2.3333,56.1,85,5,2.3,clear sky,FR,2021-10-10 19:50:23
691,Puro,12.4841,123.3827,81.19,85,93,19.95,overcast clouds,PH,2021-10-10 19:50:23
